path,size_bytes,sha256,asset_class,inspection_method,source_baseline
.pi/prompts/asset-delegation-genesis-start.md,264,741ccc2186448a57c9bb7486b5721e468952ef33e2ca92e8f603d281e42be9b2,operator_workflow,utf8_read,yes
.pi/prompts/harness-genesis-compile.md,175,3499a462a663eb65519441a696e5b1bdffdf1a143cca6146d6b20706de79fd2b,operator_workflow,utf8_read,yes
.pi/prompts/harness-genesis-next.md,169,3f78abf96dd10ffedf3d4cf9e2287c5cfcadea506248d3fe6e35b49631c712c9,operator_workflow,utf8_read,yes
.pi/prompts/harness-genesis-ratify.md,286,af01a8848af6da82067a216a6dc4a20d4e481411631a17503e850ab2bee7c37e,operator_workflow,utf8_read,yes
.pi/prompts/harness-genesis-readiness.md,339,eb1400806206e70138562bb48909b80f8e2b1eed097fc6685349a11da2b1eedd,operator_workflow,utf8_read,yes
.pi/prompts/harness-genesis-record.md,432,25898b9abbd85101fa880682c08e818dabb851a31f8e9d188875f22fdab61d54,operator_workflow,utf8_read,yes
.pi/prompts/harness-genesis-start.md,330,d8b5b351da20b14836cf08b6935db100fd204c9988760ad623b4021604e4a557,operator_workflow,utf8_read,yes
.pi/prompts/harness-genesis-upgrade.md,232,d06b15cfa075ae9e815dee37b4dfc3cafa2c0bcd79cc6b74fa4dafdebd19e59f,operator_workflow,utf8_read,yes
.pi/prompts/harness-genesis-yolo.md,353,0c3553483e1595494464d7c93f41321d907b7a821ea9c55043371699e2222e68,operator_workflow,utf8_read,yes
.pi/prompts/spec-builder-menu.md,160,e4891e1bc706ac0a9af75b25ead180c7dfc3e7cf1a3b8b9091366aac94a79acc,operator_workflow,utf8_read,yes
.pi/prompts/visual-asset-editor-genesis-start.md,322,5c26660fe56e90f6feb63a126646134a487d5272d9aec066e573635a9b1034a8,operator_workflow,utf8_read,yes
.pi/skills/cmf-atomic-harness-spec-builder/SKILL.md,9789,46d3a69cc76fb8fadb0c61e6c4f0bb3d2376c894317517e2b902a728c344ae88,operator_workflow,utf8_read,yes
.pi/skills/cmf-atomic-harness-spec-builder/steps/step-00-select-module.md,894,a3bd277c480795ce6514a90ac0625797966e9e0e344477afb7119a700e214e12,operator_workflow,utf8_read,yes
.pi/skills/cmf-atomic-harness-spec-builder/steps/step-01-resolve-sources.md,930,0174f118b7df27363d5f32c3064824fbf87b0bd2aca742a8dcf73ec517439b40,operator_workflow,utf8_read,yes
.pi/skills/cmf-atomic-harness-spec-builder/steps/step-02-saturate.md,485,1597ab45240dcf0b83f4d25d26e8f7b16422f3c458c2492ae81c8c4d0bcd6f17,operator_workflow,utf8_read,yes
.pi/skills/cmf-atomic-harness-spec-builder/steps/step-03-resolve-atomicity.md,342,fcb84db9a7bc1087fa61927992ed9d2952c0b456df9f6f0e9464c4fe11742bfd,operator_workflow,utf8_read,yes
.pi/skills/cmf-atomic-harness-spec-builder/steps/step-04-confirm-mode.md,330,eb0e1c5f67f91f06c5dd8edd2ab379850ef667ee67bbfbf50b62ed73f838a019,operator_workflow,utf8_read,yes
.pi/skills/cmf-atomic-harness-spec-builder/steps/step-05-select-one-decision.md,329,9bb56bdc0e059c67b2d92dfce7c078e51b5dcbf5a4e725f72e5ecb3cc629d984,operator_workflow,utf8_read,yes
.pi/skills/cmf-atomic-harness-spec-builder/steps/step-06-guided-recommendation.md,332,f2437ab7614c06dd09f5370419160837cf380cdd48db817810be349d69092720,operator_workflow,utf8_read,yes
.pi/skills/cmf-atomic-harness-spec-builder/steps/step-07-record-human-resolution.md,323,75699fe2eab8fc2d092119c7cc84bed6e3daee115b8c0a2eb999b16327a6517a,operator_workflow,utf8_read,yes
.pi/skills/cmf-atomic-harness-spec-builder/steps/step-08-yolo-provisional-resolution.md,523,a752445991be872b73e343ca6e9cf393a10c5b4d1972c7b8a7b273b9a419d47e,operator_workflow,utf8_read,yes
.pi/skills/cmf-atomic-harness-spec-builder/steps/step-09-recompute-tree.md,289,d02c8bf1e017af50a8df78d1bf933d4073cefd93c6f149af39b1fe4296168a6b,operator_workflow,utf8_read,yes
.pi/skills/cmf-atomic-harness-spec-builder/steps/step-10-human-ratification.md,433,1bfd13156631feb5887a03f6af7d86225da575083baa8dcda8e5d74b94fafd22,operator_workflow,utf8_read,yes
.pi/skills/cmf-atomic-harness-spec-builder/steps/step-11-cascade-lock.md,354,cd2452987ce40b852dd9539518fddc048aaf9f25798970b72dfb02b87de4f394,operator_workflow,utf8_read,yes
.pi/skills/cmf-atomic-harness-spec-builder/steps/step-12-compile-openspec.md,350,0afbf3bde310cb3fe8aff9f9da18dccc3ede4322e59f65e788a3279037454853,operator_workflow,utf8_read,yes
.pi/skills/cmf-atomic-harness-spec-builder/steps/step-13-readiness.md,278,34802b55c0210c07939be54253c83c683dd7a3efab0c6828d78d111a9c92442c,operator_workflow,utf8_read,yes
.pi/skills/cmf-atomic-harness-spec-builder/steps/step-14-handoff-to-pi.md,483,54eeb84d325bc581d82b4a723e017bd30f90dace06c248c70140388a8b850b3e,operator_workflow,utf8_read,yes
.pi/SYSTEM.md,769,535d716c43357b37d6447d0ad9e53e5328ad112544e811f42f32d42e8765299e,operator_workflow,utf8_read,yes
.pytest_cache/.gitignore,37,3ed731b65d06150c138e2dadb0be0697550888a6b47eb8c45ecc9adba8b8e9bd,generated_test_cache,utf8_read,no
.pytest_cache/CACHEDIR.TAG,191,37dc88ef9a0abeddbe81053a6dd8fdfb13afb613045ea1eb4a5c815a74a3bde4,generated_test_cache,binary_read,no
.pytest_cache/README.md,302,73fd6fccdd802c419a6b2d983d6c3173b7da97558ac4b589edec2dfe443db9ad,generated_test_cache,utf8_read,no
.pytest_cache/v/cache/lastfailed,2,44136fa355b3678a1146ad16f7e8649e94fb4fc21fe77e8310c060f61caaff8a,generated_test_cache,utf8_read,no
.pytest_cache/v/cache/nodeids,2342,0aa090a61c3faed0ec2ae1012902fe0a5760fda94afed9a5f4911d749b77143f,generated_test_cache,utf8_read,no
AGENTS.md,1284,c654d5d91cd2d835f08c1c19fb1bec337d19ebfb2d06f2de7c21bca353e68fcd,documentation_or_reference,utf8_read,yes
APPLY.md,1573,6cca4b14cbd3ba6c217b32afcabaf4cb98407e537e854130c35fc33c87e87902,documentation_or_reference,utf8_read,yes
ASSUMPTION_PLAUSIBILITY_RECEIPT.json,2143,c5cbcb86849c775052f89d3a2601a99be22698a4fe41312c96948c724ea46829,project_metadata_or_other,json_parsed,yes
configs/archetype_harness_compatibility.example.yaml,726,15509b8e4cf7398f1b444f7f9b1bb09fdef86638893ebab80f6e12ae8c7a41db,configuration,yaml_parsed,yes
configs/asset_delegation.example.yaml,401,4f0b0538eddf0a59aa60a1b68654b7e2a1e2606ddd4c5a2c11e17aeb093be704,configuration,yaml_parsed,yes
configs/builder_policy.yaml,3292,83f1f263f2da3a4736ea6240e4335e0327701db2b0ef05f6c2fa76564afd3232,configuration,yaml_parsed,yes
configs/decision_ownership.example.yaml,514,eec53f4846381bce0edb32220606eb86a21f33e911c8fb142b9c1860ce46154a,configuration,yaml_parsed,yes
configs/reference_harnesses.yaml,1396,1a7eccb8a05f2faa2bc7865c3744646af30fc6dd0bd7f4450af2e28acdabb688,configuration,yaml_parsed,yes
configs/sources.example.yaml,2070,793a153fa6b61eda4b903c47e50399000ff34ef68c47d83d2d8fbd4a53967028,configuration,yaml_parsed,yes
configs/visual_asset_editor_policy.example.yaml,615,46bb69e971d3a83ee152770d84bf0212c5ccd384e5abff08a6bdd56d32e792be,configuration,yaml_parsed,yes
docs/00_FULL_OPERATING_GUIDE_V2.md,2057,f1a3ff2b15f8c4e01f492db8babc2143b0d7938914edfc102acf3de6d4fed6ae,documentation_or_reference,utf8_read,yes
docs/00_FULL_OPERATING_GUIDE_V2_1.md,5243,edfb38d74edbf09e85d41446b6a958e0afd026b8ef8aa68f7e8fe368be94e8be,documentation_or_reference,utf8_read,yes
docs/01_ASSUMPTION_PLAUSIBILITY_ASSESSMENT.md,2939,dabc54e53e21401e1ab2df9ed6b13601e2edaa1666fecbc9ec6b67452d2a0627,documentation_or_reference,utf8_read,yes
docs/02_CONSTITUTIONAL_ARCHITECTURE.md,780,de45c94b60fddb84b4c5ec6b814b6cffac8f52dbb83e94bdc84b6126bda43958,documentation_or_reference,utf8_read,yes
docs/03_ARCHETYPE_HARNESS_COVENANTS.md,708,ae19d1e3fd2e390e8b1373eab2aad7ee9a871c482f44770a57396bd9bb4a285c,documentation_or_reference,utf8_read,yes
docs/04_SEMANTIC_WORKCELL_AND_JIT_SKILLS.md,966,f0e895439a5cdd10b05e8c9f38af68fd27f793b4aa0ddfda706412849d86caaa,documentation_or_reference,utf8_read,yes
docs/05_ACTIVATIVE_VISUAL_SEMANTICS.md,981,5c30c8758be47f82660d3bc6a1b1b84df94d5b59807bdc369ac75a5b08530a7d,documentation_or_reference,utf8_read,yes
docs/06_SEQUENCE_ARCHITECTURE.md,797,1d18783ec9b35843e3ea42bd16778cde584087b142dbf184b91c53cdddea9557,documentation_or_reference,utf8_read,yes
docs/07_VISUAL_SONIC_PRETEXT_CROSS_MODAL.md,734,f0da8c54a15de1df747c484c250b4892abe9b2ef7f3f09d806989fca2ee9bfc8,documentation_or_reference,utf8_read,yes
docs/08_GUIDED_AND_YOLO_MODES.md,608,62ec614596a4fde5889026f0ddd84a495551da30b4242e491c3486a15cd56dc2,documentation_or_reference,utf8_read,yes
docs/09_OPENSPEC_BMAD_SYNTHESIS.md,713,51902d2d2a0fab77ed1c8c67b5d53919f89f2105c3f6a9f8699928bed078c04c,documentation_or_reference,utf8_read,yes
docs/10_FORMAT01_LEGACY_CONVERGENCE.md,672,7e638887db0736a237c87ff98ceceaa2f200a9b7c24ffab12389ad0f99e8a301,documentation_or_reference,utf8_read,yes
docs/11_V1_TO_V2_MIGRATION.md,781,4b578210f12fb8b3262f4720b86cb3b81026596534c7ccaf639be431e1bbeaa1,documentation_or_reference,utf8_read,yes
docs/12_REFERENCE_HARNESS_PROGRAM.md,717,d32a84452cc657773da1dd4bda7752db1eaafb4edf2e815a6575be4d67b693ed,documentation_or_reference,utf8_read,yes
docs/13_HARNESS_SPEC_BUILDER_CONSTITUTION.md,671,defc1d4ceeb5bee25b9019b2950a64b1e8de00fce8a2a26f7201bf132fc875a0,documentation_or_reference,utf8_read,yes
docs/14_BUILDER_MODULE_MENU.md,1265,e0ce779e44c1253002dd218bb1f5b46b9d0bc1f0dc89663e1087491e35b77c97,documentation_or_reference,utf8_read,yes
docs/15_VISUAL_ASSET_EDITOR_ARCHITECTURE.md,1412,297edb80220d825593ff0a425ceca2774b1e26462c2934c9c1f3eb0ca0b6167c,documentation_or_reference,utf8_read,yes
docs/16_CONTENT_ASSET_DELEGATION.md,968,4f48f3353fa8f7d622000fc97f6e6a50ced193cd2039bba7f4b945cc29a616e8,documentation_or_reference,utf8_read,yes
docs/17_V2_TO_V2_1_MIGRATION.md,630,2a69296dfa4e3f891997c2d0fa5c4b76ce15b331e0b6ead5cf985dc2b8c2c7e6,documentation_or_reference,utf8_read,yes
docs/v1_archive/00_FULL_OPERATING_GUIDE.md,11653,cf13736fa2445df29cd8ff3033353d14d94d47cf379c0f18755ea71ceae8db15,documentation_or_reference,utf8_read,yes
docs/v1_archive/01_ARCHITECTURE.md,3689,41ab100b45841e71de3e3dab5b1180f276ae11dff3d1068cfe4c80a0823af7dc,documentation_or_reference,utf8_read,yes
docs/v1_archive/02_TRUE_GRILL_ME_PROTOCOL.md,2416,06e6334aed2cbfa93f31e0a58d31093058d06ef3cc2409e99a386e2c9e5e420f,documentation_or_reference,utf8_read,yes
docs/v1_archive/03_SOURCE_SATURATION_AND_TRACEABILITY.md,1142,a862740c00578949e8dd3c2645a364befbdf787cfc557d821f1fe0d720983110,documentation_or_reference,utf8_read,yes
docs/v1_archive/04_FORMAT01_LEGACY_POC_POLICY.md,1212,b81a5487ee1f4db7a7ea7cd4e6d61d2fdcc23f5a6b677ce093555a487be76192,documentation_or_reference,utf8_read,yes
docs/v1_archive/05_FIRST_NINE_REFERENCE_HARNESSES.md,916,d4d8985895e2e797309465cc415212265b77619e5bd6ea0b6a5c658a6559ea19,documentation_or_reference,utf8_read,yes
docs/v1_archive/06_COMMANDS_AND_LIFECYCLE.md,709,de923d16e207387ee0cc842d4dfd70c073a09fc8dcce426816e10b04ff63d964,documentation_or_reference,utf8_read,yes
docs/v1_archive/07_COGNITIVE_WORK_OPTIMIZATION_HOOKS.md,575,f47ae8ecef3402b8da4a14f1729714fcd9542d5f5abcc44bd5d37066ff3b3585,documentation_or_reference,utf8_read,yes
docs/v1_archive/08_CURRENT_REPOSITORY_SYNTHESIS.md,1383,a8e36ba56e9b4f5ce3911de74ebb20926562e9d5f7f374d29dd405bca3f2b5d6,documentation_or_reference,utf8_read,yes
docs/v1_archive/09_BMAD_OPENSPEC_CMF_SYNTHESIS.md,1433,c7c1e828c2f5bdc294622ffaecae9c674658d96ce28ff2a55b85ae250cad0799,documentation_or_reference,utf8_read,yes
FILES.md,26056,7b5f5fbd5ec173673e8f5edc2fc26a3e6c75f8db244a89d3e7ad59d5947a7cbe,documentation_or_reference,utf8_read,yes
LOCAL_VERIFICATION.json,1181,e95e336f9dd5778a2821d057a772a4af5168fae0de259808d96e583671128f35,project_metadata_or_other,json_parsed,yes
MANIFEST.json,2032,9e883447d9ed524be179aeefd1473efae109ef98782c1adf287dd71bcac2971e,project_metadata_or_other,json_parsed,yes
openspec/config.example.yaml,579,e506f575aef1d62da6e8abade03270d038c9053564ef58dbc83d0e4f8e9baeaf,openspec_schema_or_template,yaml_parsed,yes
openspec/schemas/_deprecated_v1/cmf-atomic-harness-genesis/schema.yaml,4486,b9f3c392a3f6f6bae73df890fb3f6e95e10f9db9f014d58fc88b2676fbcb5cfb,openspec_schema_or_template,yaml_parsed,yes
openspec/schemas/_deprecated_v1/cmf-atomic-harness-genesis/templates/activative-primitive-dialect.md,272,883d509a29d74d8a140f41daa3af4a39aed31c9088b34de8faa5b1ae7ba6c188,openspec_schema_or_template,utf8_read,yes
openspec/schemas/_deprecated_v1/cmf-atomic-harness-genesis/templates/atomicity.md,158,a7af7b04dbbd02703cee8ae7df9a1bb5a7cb2358766e033ca3ed254eea81ad52,openspec_schema_or_template,utf8_read,yes
openspec/schemas/_deprecated_v1/cmf-atomic-harness-genesis/templates/contracts-runtime.md,269,cc1fe5f58e4184e824a32a9eebec93a3ae83873f518b79c90fcb4fefbe3e1d22,openspec_schema_or_template,utf8_read,yes
openspec/schemas/_deprecated_v1/cmf-atomic-harness-genesis/templates/decision-context-models.md,214,f085fe08021ff9fe302fef1568575e4ef0d582c4eb358657207b7505f7dbff42,openspec_schema_or_template,utf8_read,yes
openspec/schemas/_deprecated_v1/cmf-atomic-harness-genesis/templates/decisions.md,49,d59728f378e7d9f1c0afe1091a885250bce9b9173cb1e612230836dbae1e97fe,openspec_schema_or_template,utf8_read,yes
openspec/schemas/_deprecated_v1/cmf-atomic-harness-genesis/templates/evals-goldens.md,164,453b350c086e37ff620cec8c6533e031843318058c6c449eb1b9f292a23808f1,openspec_schema_or_template,utf8_read,yes
openspec/schemas/_deprecated_v1/cmf-atomic-harness-genesis/templates/harness-prd.md,340,5e117b9b1c5214ea42a8858aa42f04f700fff6c11765d06560543c65abefab52,openspec_schema_or_template,utf8_read,yes
openspec/schemas/_deprecated_v1/cmf-atomic-harness-genesis/templates/implementation.md,127,626c841531fc21c13c89e83cb7a00dfc918ae98085041fab46b3ca82c2ce1314,openspec_schema_or_template,utf8_read,yes
openspec/schemas/_deprecated_v1/cmf-atomic-harness-genesis/templates/proposal.md,455,57961898b4d17a888b67b604b5364666af8688e6bc09e6a3a1ea150498e2f888,openspec_schema_or_template,utf8_read,yes
openspec/schemas/_deprecated_v1/cmf-atomic-harness-genesis/templates/readiness.md,131,82133630c11db152c101c3d124c4b8acea673d850a9f3dbd9f68fa6061b8ee9b,openspec_schema_or_template,utf8_read,yes
openspec/schemas/_deprecated_v1/cmf-atomic-harness-genesis/templates/recipe-ingredients.md,179,199ad94a69413da03d0aa0e5ba142e4c516666f1567763559afe08c0a235549a,openspec_schema_or_template,utf8_read,yes
openspec/schemas/_deprecated_v1/cmf-atomic-harness-genesis/templates/saturation.md,175,de714ad881ef3d8006ef50bf280fc42d6e6de285f18d96af7b07442b31097e8c,openspec_schema_or_template,utf8_read,yes
openspec/schemas/_deprecated_v1/cmf-atomic-harness-genesis/templates/shared-understanding.md,77,9625956614a4670acf19484cb4e25119cc2c00e4af4786ca5558bccff3c56140,openspec_schema_or_template,utf8_read,yes
openspec/schemas/_deprecated_v1/cmf-atomic-harness-genesis/templates/visual-sonic-syntax.md,222,f0ffea3d0aaa601795a7e8d559b60111da25c39a6bd843015dc0d1fbbff27ec5,openspec_schema_or_template,utf8_read,yes
openspec/schemas/_deprecated_v1/README.md,147,199b22edeae16d900371e8fa803cc2b89f000955a553175517f2e59a388ca5cb,openspec_schema_or_template,utf8_read,yes
openspec/schemas/cmf-asset-delegation-genesis-v1/schema.yaml,4644,cb39223ef2586f5efb27b62985a380bc8ea76a758bef807e79462d7028d47f00,openspec_schema_or_template,yaml_parsed,yes
openspec/schemas/cmf-asset-delegation-genesis-v1/templates/amendment-workflow.md,234,b6227c9b25085bd8c1cb75526ec30a0cd0545fe40328d6b2395f8d6cfba9f474,openspec_schema_or_template,utf8_read,yes
openspec/schemas/cmf-asset-delegation-genesis-v1/templates/artifact-lineage.md,254,cb869f5699f09c61de824dc85f624c4b448690ba57b1921bbcf7c33b333882c5,openspec_schema_or_template,utf8_read,yes
openspec/schemas/cmf-asset-delegation-genesis-v1/templates/atomicity.md,206,a38935ddcaba8ef963f4b7dcd0ced962c91d90c4a20762a2f9a281ea4dfa269f,openspec_schema_or_template,utf8_read,yes
openspec/schemas/cmf-asset-delegation-genesis-v1/templates/compatibility.md,243,8af4afbb269f51684c05b33a715d24635aa5796cdb6c30fc9fe60c9fa58b53cb,openspec_schema_or_template,utf8_read,yes
openspec/schemas/cmf-asset-delegation-genesis-v1/templates/contract-tests.md,265,0872ddfb0c331b60042e9077e7e43f937fb42e2331bb616b90abdd226f1fb3e2,openspec_schema_or_template,utf8_read,yes
openspec/schemas/cmf-asset-delegation-genesis-v1/templates/decisions.md,191,d1f83c7375a0873da3e3ac8906cd8f5cd4d9996a25d6519d8b1c1a290897a201,openspec_schema_or_template,utf8_read,yes
openspec/schemas/cmf-asset-delegation-genesis-v1/templates/delegation-boundary.md,339,9d7dba65d8e6bc1d6c3092c2d2f68ff5630e3979964037d0514aab7ffcddc310,openspec_schema_or_template,utf8_read,yes
openspec/schemas/cmf-asset-delegation-genesis-v1/templates/implementation.md,256,3568fe4c938263d5dfd3260e225a881aef62eb0e5478c2bcc806133f0dcef00e,openspec_schema_or_template,utf8_read,yes
openspec/schemas/cmf-asset-delegation-genesis-v1/templates/operator-flow.md,240,252429a65143c07463a8b361201df2b5251803e6b67c74d413317477015fe0a6,openspec_schema_or_template,utf8_read,yes
openspec/schemas/cmf-asset-delegation-genesis-v1/templates/orchestration.md,239,30ea1a512531a4f1e061b9b007b542833554a6b785925c0455780752380a1e12,openspec_schema_or_template,utf8_read,yes
openspec/schemas/cmf-asset-delegation-genesis-v1/templates/proposal.md,250,01584b7535bc5bde2966eb08e01802ba1dc7bd82857b5b44172b907e477375d6,openspec_schema_or_template,utf8_read,yes
openspec/schemas/cmf-asset-delegation-genesis-v1/templates/readiness.md,174,8fadea773f0f1768c7cebede52072e057643b7632c63d9c0e42735f9a19b2167,openspec_schema_or_template,utf8_read,yes
openspec/schemas/cmf-asset-delegation-genesis-v1/templates/reliability.md,249,1b5dd95b1cc2a3bba8b7a7ce97702bb345bc123435c895365971cb9577094d80,openspec_schema_or_template,utf8_read,yes
openspec/schemas/cmf-asset-delegation-genesis-v1/templates/request-contract.md,285,f1b315b422b8cc2125c7f7c0ff9b1a6498ac93b1855c9202ca3fa99987f978ae,openspec_schema_or_template,utf8_read,yes
openspec/schemas/cmf-asset-delegation-genesis-v1/templates/response-contract.md,246,c1c8933246fc4de701c366659f098b7f0fe7bf8cea5cd0b4e102dfa49e04effd,openspec_schema_or_template,utf8_read,yes
openspec/schemas/cmf-asset-delegation-genesis-v1/templates/saturation.md,249,c8f7a02f337f0b579d545005c8f6f936fff06187208ff8574cd26746ae158237,openspec_schema_or_template,utf8_read,yes
openspec/schemas/cmf-asset-delegation-genesis-v1/templates/security-rights.md,238,5ab1ac391254592d52dd3ee987a4dafcdba441a917f3a242c728ed8593a920d2,openspec_schema_or_template,utf8_read,yes
openspec/schemas/cmf-asset-delegation-genesis-v1/templates/shared-understanding.md,195,c82276485f213999e1e766b0bdf53e1e1ad8ed4750d4df5ffe442c8a353fe38c,openspec_schema_or_template,utf8_read,yes
openspec/schemas/cmf-asset-delegation-genesis-v1/templates/state-error-contract.md,272,97ca61f78b42ba838a67d2f65c04c68c83e62fb3534cccf05baa7d201f045a88,openspec_schema_or_template,utf8_read,yes
openspec/schemas/cmf-atomic-harness-genesis-v2-1/schema.yaml,14589,5e4a44954a2d31179117db05f323de57ea5cc3ae09de0e848150281a9c5478c0,openspec_schema_or_template,yaml_parsed,yes
openspec/schemas/cmf-atomic-harness-genesis-v2-1/templates/activative-projection.md,51,7bab50bb70df9fa59b112ca1a184820f6f9d2b8c44263344e0d6eb499a21e66a,openspec_schema_or_template,utf8_read,yes
openspec/schemas/cmf-atomic-harness-genesis-v2-1/templates/activative-visual-asset-program.md,541,e232bec66ad2c2cac44334e3145e2d4cf94d77b6dddcb122cac2ea8e8520e621,openspec_schema_or_template,utf8_read,yes
openspec/schemas/cmf-atomic-harness-genesis-v2-1/templates/activative-visual-narrative.md,59,ab07cdcbb23c4c27fd35c2657e14a120845a7779d9be6fe74e476bf4ee38addd,openspec_schema_or_template,utf8_read,yes
openspec/schemas/cmf-atomic-harness-genesis-v2-1/templates/activative-visual-semantics.md,53,b2cea6faee327b45468dc00e950afef1380fd236e1b2f175836baab8f0fc7573,openspec_schema_or_template,utf8_read,yes
openspec/schemas/cmf-atomic-harness-genesis-v2-1/templates/archetype-constitution.md,125,5ee8ded05508b54f51e281a58165a7202a9a60d956090115dfc9760650b48469,openspec_schema_or_template,utf8_read,yes
openspec/schemas/cmf-atomic-harness-genesis-v2-1/templates/archetype-harness-covenant.md,50,b799111d473f968b7f0b6c28b1fb6fcefd0b80f7c678c33aee3109f83f89fc63,openspec_schema_or_template,utf8_read,yes
openspec/schemas/cmf-atomic-harness-genesis-v2-1/templates/asset-acceptance-gates.md,575,fc15051c67e26e04ffa8758b3f4a01767d7b4651a9608bad5ebf80ecb80ecaef,openspec_schema_or_template,utf8_read,yes
openspec/schemas/cmf-atomic-harness-genesis-v2-1/templates/asset-contract-amendment.md,463,6b49e3da3a5674d4923157b3e1480aaa0acde827f6d97d2a7ba7b461addf9ec2,openspec_schema_or_template,utf8_read,yes
openspec/schemas/cmf-atomic-harness-genesis-v2-1/templates/asset-demand-manifest.md,573,3a4456e083d8da5cdbf21625d59170c5b6d57a74064ac76f4a00ca6a84eedb93,openspec_schema_or_template,utf8_read,yes
openspec/schemas/cmf-atomic-harness-genesis-v2-1/templates/asset-editor-delegation.md,550,ceba4c4379ed17b8c9fd8161891a28a9da266d000c419c18539e4b64368c000c,openspec_schema_or_template,utf8_read,yes
openspec/schemas/cmf-atomic-harness-genesis-v2-1/templates/asset-memory-fatigue.md,446,3431631eab059585c2c33a0b64ee49abd5e81650a1fc41a614e551909c7aabba,openspec_schema_or_template,utf8_read,yes
openspec/schemas/cmf-atomic-harness-genesis-v2-1/templates/asset-sequence-continuity.md,432,2831a209db6c5612dfd251922817d173c48b1cfaf6805e083f6bd6f3c5e85b55,openspec_schema_or_template,utf8_read,yes
openspec/schemas/cmf-atomic-harness-genesis-v2-1/templates/atomicity.md,142,4012e935d1d33d2606a04a3ea579a09e83245a24399f5ef89dc53d8341c70f21,openspec_schema_or_template,utf8_read,yes
openspec/schemas/cmf-atomic-harness-genesis-v2-1/templates/composition-intent.md,666,3e84e86ad3ad413fca1f2f38ebff607c55cfadbffef76da676a051fde74daab3,openspec_schema_or_template,utf8_read,yes
openspec/schemas/cmf-atomic-harness-genesis-v2-1/templates/content-arc-viewer-state.md,118,a888de729ac389cda1fca4941b892b9ff16e36c5a59d8e5ee0bab4e2bf39d812,openspec_schema_or_template,utf8_read,yes
openspec/schemas/cmf-atomic-harness-genesis-v2-1/templates/content-program.md,110,64f532d0a556134581846d0b24faaf956067002c912d1ef09773274eadece536,openspec_schema_or_template,utf8_read,yes
openspec/schemas/cmf-atomic-harness-genesis-v2-1/templates/contracts-runtime.md,223,ae0b2dba3761cc18cd28537447e049e6cf96f7df33357319b52b95683150b8cc,openspec_schema_or_template,utf8_read,yes
openspec/schemas/cmf-atomic-harness-genesis-v2-1/templates/cross-modal-bindings.md,49,7f9fdafa861be0ccfb406ea16a23bc2eaa462a79dc69d127f415f549929648bd,openspec_schema_or_template,utf8_read,yes
openspec/schemas/cmf-atomic-harness-genesis-v2-1/templates/decision-context-models.md,227,5033d0041fa587eb69947cf27f5cc018126cbb7b6f9debf17e8118d68e1b696a,openspec_schema_or_template,utf8_read,yes
openspec/schemas/cmf-atomic-harness-genesis-v2-1/templates/decisions.md,87,cee0d1f82ed4ca246b328bd645a88c71c4ba94bcb06d45dc96bf803f7326247c,openspec_schema_or_template,utf8_read,yes
openspec/schemas/cmf-atomic-harness-genesis-v2-1/templates/evals-goldens.md,178,90d43c33ae1848d7cc23630a6ec435d457850a25fa1ef7ebd30d7e186ca97bde,openspec_schema_or_template,utf8_read,yes
openspec/schemas/cmf-atomic-harness-genesis-v2-1/templates/global-constitution.md,242,8ae63dd13ab25b64c8831979faadf0aac7fd24dcfc6e0f970844babdf454e917,openspec_schema_or_template,utf8_read,yes
openspec/schemas/cmf-atomic-harness-genesis-v2-1/templates/harness-constitution.md,98,56f190fb1e56bcc3acef371df24fe6938f514f7dcff261d17caa407bef0dc33d,openspec_schema_or_template,utf8_read,yes
openspec/schemas/cmf-atomic-harness-genesis-v2-1/templates/harness-prd.md,246,8398f34996b0749416d4c81a925627df7c39d520c41b888319f823370b8913af,openspec_schema_or_template,utf8_read,yes
openspec/schemas/cmf-atomic-harness-genesis-v2-1/templates/image-conditioned-geometry-handoff.md,562,d199b8065763ed1dcfe300de513b8276477770817fdc9a45086187ecc6907341,openspec_schema_or_template,utf8_read,yes
openspec/schemas/cmf-atomic-harness-genesis-v2-1/templates/implementation.md,127,4b05a0ca692d9b0d156f674dc692b50aed89a8b08efdb612803a20d261c90e4b,openspec_schema_or_template,utf8_read,yes
openspec/schemas/cmf-atomic-harness-genesis-v2-1/templates/jit-skill-assembly.md,240,8e3a2f1dc221e4025633cecbf7da051b3b4abbbcbe9ba52d86584da78e3481e9,openspec_schema_or_template,utf8_read,yes
openspec/schemas/cmf-atomic-harness-genesis-v2-1/templates/legacy-convergence.md,40,9da0913a173271e86c3a4a24126b4bb9f1480a806e9151698ce3806c0d9b3c90,openspec_schema_or_template,utf8_read,yes
openspec/schemas/cmf-atomic-harness-genesis-v2-1/templates/operator-workbench.md,40,23062965fd2c29c13cf6f71bbdefe82c4874dd098c2116b3f477af9897d9ae22,openspec_schema_or_template,utf8_read,yes
openspec/schemas/cmf-atomic-harness-genesis-v2-1/templates/package-sequence-program.md,46,39704db589f48dadb3432f95199ef3596272792f5e6b7ee5c80164fa166d81dd,openspec_schema_or_template,utf8_read,yes
openspec/schemas/cmf-atomic-harness-genesis-v2-1/templates/pose-gaze-acting.md,52,e1e593e04249e33d34a629089c7904e1bd61e715653254aa856d1455ed538a6a,openspec_schema_or_template,utf8_read,yes
openspec/schemas/cmf-atomic-harness-genesis-v2-1/templates/pretext-program.md,37,991d447732baed41e02f42b261c684add3c886231ca6f8d0138e903febd86b4c,openspec_schema_or_template,utf8_read,yes
openspec/schemas/cmf-atomic-harness-genesis-v2-1/templates/primitive-dialect.md,197,aa26207b7005662b8ae367da8a3cc047bf9e97c4cffa1836f5855c9c6df0e28d,openspec_schema_or_template,utf8_read,yes
openspec/schemas/cmf-atomic-harness-genesis-v2-1/templates/proposal.md,337,40767648e0c8ae79925c7bb48223e61ae63249f73eacd45a3146f8bd2be8858f,openspec_schema_or_template,utf8_read,yes
openspec/schemas/cmf-atomic-harness-genesis-v2-1/templates/readiness.md,178,95de865a291c96f7cabb5c8a7a18ff459cd8c6a23542d6d03e56e8bbd8a65c07,openspec_schema_or_template,utf8_read,yes
openspec/schemas/cmf-atomic-harness-genesis-v2-1/templates/real-life-reference-policy.md,493,7817213cb75e5ff5065f2cb1c26009cbf9ddd0a3920f89ab2c56da7be666f225,openspec_schema_or_template,utf8_read,yes
openspec/schemas/cmf-atomic-harness-genesis-v2-1/templates/recipe-ingredients.md,105,07dc1e9316e47a3b497c2fa729eeb331f27fc00cc265d3c53ffb406baa87fcf3,openspec_schema_or_template,utf8_read,yes
openspec/schemas/cmf-atomic-harness-genesis-v2-1/templates/saturation.md,186,971a5cabc2a65eed618a9d50e17affe1b645b6878563959fb64148b7a2fef6f7,openspec_schema_or_template,utf8_read,yes
openspec/schemas/cmf-atomic-harness-genesis-v2-1/templates/scene-slide-state-graph.md,47,2e6f399555c5fb66c7426e4f432627cd97d071b7be87078dd3da5866203cf6e6,openspec_schema_or_template,utf8_read,yes
openspec/schemas/cmf-atomic-harness-genesis-v2-1/templates/semantic-visual-isomorphism.md,51,13d33eeb1a2389599338c570445e757654fdfd64777345971de2d5f2e413806b,openspec_schema_or_template,utf8_read,yes
openspec/schemas/cmf-atomic-harness-genesis-v2-1/templates/semantic-workcell.md,279,de0494575e53ebed1a5ea7fc17c42f7b2082d1dd40a80bbb33fcbfc4170e39a8,openspec_schema_or_template,utf8_read,yes
openspec/schemas/cmf-atomic-harness-genesis-v2-1/templates/sequence-architecture.md,120,a5202e7203bc80c266dceb4af1b172a888f219a2abffd5999c0d8b6b6375f1be,openspec_schema_or_template,utf8_read,yes
openspec/schemas/cmf-atomic-harness-genesis-v2-1/templates/shared-understanding.md,123,471fb48db6499835d7a63f6cdbd82b3b34388f0dd8807c303e7da78d8954bfe0,openspec_schema_or_template,utf8_read,yes
openspec/schemas/cmf-atomic-harness-genesis-v2-1/templates/sonic-temporal-syntax.md,43,e9670e94e93d0ee8b69e6cb2d1258efead62eecfeee0694255d7053eb41fa36e,openspec_schema_or_template,utf8_read,yes
openspec/schemas/cmf-atomic-harness-genesis-v2-1/templates/source-cral-policy.md,56,2835707f0e09da4bd7069ddaada2c8132f2b301c34b3d6921c2f00a5af0e290e,openspec_schema_or_template,utf8_read,yes
openspec/schemas/cmf-atomic-harness-genesis-v2-1/templates/visual-syntax.md,35,189d45416e40850e484536365d87585f231b91cc170499ed86dc3aebbdbb8a2a,openspec_schema_or_template,utf8_read,yes
openspec/schemas/cmf-atomic-harness-genesis-v2/schema.yaml,10487,6801181df912fb0a5ec1a35a7ad7992afa94a7c847859e65d97e81bb7fd0ba7d,openspec_schema_or_template,yaml_parsed,yes
openspec/schemas/cmf-atomic-harness-genesis-v2/templates/activative-projection.md,51,7bab50bb70df9fa59b112ca1a184820f6f9d2b8c44263344e0d6eb499a21e66a,openspec_schema_or_template,utf8_read,yes
openspec/schemas/cmf-atomic-harness-genesis-v2/templates/activative-visual-narrative.md,59,ab07cdcbb23c4c27fd35c2657e14a120845a7779d9be6fe74e476bf4ee38addd,openspec_schema_or_template,utf8_read,yes
openspec/schemas/cmf-atomic-harness-genesis-v2/templates/activative-visual-semantics.md,53,b2cea6faee327b45468dc00e950afef1380fd236e1b2f175836baab8f0fc7573,openspec_schema_or_template,utf8_read,yes
openspec/schemas/cmf-atomic-harness-genesis-v2/templates/archetype-constitution.md,125,5ee8ded05508b54f51e281a58165a7202a9a60d956090115dfc9760650b48469,openspec_schema_or_template,utf8_read,yes
openspec/schemas/cmf-atomic-harness-genesis-v2/templates/archetype-harness-covenant.md,50,b799111d473f968b7f0b6c28b1fb6fcefd0b80f7c678c33aee3109f83f89fc63,openspec_schema_or_template,utf8_read,yes
openspec/schemas/cmf-atomic-harness-genesis-v2/templates/atomicity.md,142,4012e935d1d33d2606a04a3ea579a09e83245a24399f5ef89dc53d8341c70f21,openspec_schema_or_template,utf8_read,yes
openspec/schemas/cmf-atomic-harness-genesis-v2/templates/content-arc-viewer-state.md,118,a888de729ac389cda1fca4941b892b9ff16e36c5a59d8e5ee0bab4e2bf39d812,openspec_schema_or_template,utf8_read,yes
openspec/schemas/cmf-atomic-harness-genesis-v2/templates/content-program.md,110,64f532d0a556134581846d0b24faaf956067002c912d1ef09773274eadece536,openspec_schema_or_template,utf8_read,yes
openspec/schemas/cmf-atomic-harness-genesis-v2/templates/contracts-runtime.md,223,ae0b2dba3761cc18cd28537447e049e6cf96f7df33357319b52b95683150b8cc,openspec_schema_or_template,utf8_read,yes
openspec/schemas/cmf-atomic-harness-genesis-v2/templates/cross-modal-bindings.md,49,7f9fdafa861be0ccfb406ea16a23bc2eaa462a79dc69d127f415f549929648bd,openspec_schema_or_template,utf8_read,yes
openspec/schemas/cmf-atomic-harness-genesis-v2/templates/decision-context-models.md,227,5033d0041fa587eb69947cf27f5cc018126cbb7b6f9debf17e8118d68e1b696a,openspec_schema_or_template,utf8_read,yes
openspec/schemas/cmf-atomic-harness-genesis-v2/templates/decisions.md,87,cee0d1f82ed4ca246b328bd645a88c71c4ba94bcb06d45dc96bf803f7326247c,openspec_schema_or_template,utf8_read,yes
openspec/schemas/cmf-atomic-harness-genesis-v2/templates/evals-goldens.md,178,90d43c33ae1848d7cc23630a6ec435d457850a25fa1ef7ebd30d7e186ca97bde,openspec_schema_or_template,utf8_read,yes
openspec/schemas/cmf-atomic-harness-genesis-v2/templates/global-constitution.md,242,8ae63dd13ab25b64c8831979faadf0aac7fd24dcfc6e0f970844babdf454e917,openspec_schema_or_template,utf8_read,yes
openspec/schemas/cmf-atomic-harness-genesis-v2/templates/harness-constitution.md,98,56f190fb1e56bcc3acef371df24fe6938f514f7dcff261d17caa407bef0dc33d,openspec_schema_or_template,utf8_read,yes
openspec/schemas/cmf-atomic-harness-genesis-v2/templates/harness-prd.md,246,8398f34996b0749416d4c81a925627df7c39d520c41b888319f823370b8913af,openspec_schema_or_template,utf8_read,yes
openspec/schemas/cmf-atomic-harness-genesis-v2/templates/implementation.md,127,4b05a0ca692d9b0d156f674dc692b50aed89a8b08efdb612803a20d261c90e4b,openspec_schema_or_template,utf8_read,yes
openspec/schemas/cmf-atomic-harness-genesis-v2/templates/jit-skill-assembly.md,240,8e3a2f1dc221e4025633cecbf7da051b3b4abbbcbe9ba52d86584da78e3481e9,openspec_schema_or_template,utf8_read,yes
openspec/schemas/cmf-atomic-harness-genesis-v2/templates/legacy-convergence.md,40,9da0913a173271e86c3a4a24126b4bb9f1480a806e9151698ce3806c0d9b3c90,openspec_schema_or_template,utf8_read,yes
openspec/schemas/cmf-atomic-harness-genesis-v2/templates/operator-workbench.md,40,23062965fd2c29c13cf6f71bbdefe82c4874dd098c2116b3f477af9897d9ae22,openspec_schema_or_template,utf8_read,yes
openspec/schemas/cmf-atomic-harness-genesis-v2/templates/package-sequence-program.md,46,39704db589f48dadb3432f95199ef3596272792f5e6b7ee5c80164fa166d81dd,openspec_schema_or_template,utf8_read,yes
openspec/schemas/cmf-atomic-harness-genesis-v2/templates/pose-gaze-acting.md,52,e1e593e04249e33d34a629089c7904e1bd61e715653254aa856d1455ed538a6a,openspec_schema_or_template,utf8_read,yes
openspec/schemas/cmf-atomic-harness-genesis-v2/templates/pretext-program.md,37,991d447732baed41e02f42b261c684add3c886231ca6f8d0138e903febd86b4c,openspec_schema_or_template,utf8_read,yes
openspec/schemas/cmf-atomic-harness-genesis-v2/templates/primitive-dialect.md,197,aa26207b7005662b8ae367da8a3cc047bf9e97c4cffa1836f5855c9c6df0e28d,openspec_schema_or_template,utf8_read,yes
openspec/schemas/cmf-atomic-harness-genesis-v2/templates/proposal.md,337,40767648e0c8ae79925c7bb48223e61ae63249f73eacd45a3146f8bd2be8858f,openspec_schema_or_template,utf8_read,yes
openspec/schemas/cmf-atomic-harness-genesis-v2/templates/readiness.md,178,95de865a291c96f7cabb5c8a7a18ff459cd8c6a23542d6d03e56e8bbd8a65c07,openspec_schema_or_template,utf8_read,yes
openspec/schemas/cmf-atomic-harness-genesis-v2/templates/recipe-ingredients.md,105,07dc1e9316e47a3b497c2fa729eeb331f27fc00cc265d3c53ffb406baa87fcf3,openspec_schema_or_template,utf8_read,yes
openspec/schemas/cmf-atomic-harness-genesis-v2/templates/saturation.md,186,971a5cabc2a65eed618a9d50e17affe1b645b6878563959fb64148b7a2fef6f7,openspec_schema_or_template,utf8_read,yes
openspec/schemas/cmf-atomic-harness-genesis-v2/templates/scene-slide-state-graph.md,47,2e6f399555c5fb66c7426e4f432627cd97d071b7be87078dd3da5866203cf6e6,openspec_schema_or_template,utf8_read,yes
openspec/schemas/cmf-atomic-harness-genesis-v2/templates/semantic-visual-isomorphism.md,51,13d33eeb1a2389599338c570445e757654fdfd64777345971de2d5f2e413806b,openspec_schema_or_template,utf8_read,yes
openspec/schemas/cmf-atomic-harness-genesis-v2/templates/semantic-workcell.md,279,de0494575e53ebed1a5ea7fc17c42f7b2082d1dd40a80bbb33fcbfc4170e39a8,openspec_schema_or_template,utf8_read,yes
openspec/schemas/cmf-atomic-harness-genesis-v2/templates/sequence-architecture.md,120,a5202e7203bc80c266dceb4af1b172a888f219a2abffd5999c0d8b6b6375f1be,openspec_schema_or_template,utf8_read,yes
openspec/schemas/cmf-atomic-harness-genesis-v2/templates/shared-understanding.md,123,471fb48db6499835d7a63f6cdbd82b3b34388f0dd8807c303e7da78d8954bfe0,openspec_schema_or_template,utf8_read,yes
openspec/schemas/cmf-atomic-harness-genesis-v2/templates/sonic-temporal-syntax.md,43,e9670e94e93d0ee8b69e6cb2d1258efead62eecfeee0694255d7053eb41fa36e,openspec_schema_or_template,utf8_read,yes
openspec/schemas/cmf-atomic-harness-genesis-v2/templates/source-cral-policy.md,56,2835707f0e09da4bd7069ddaada2c8132f2b301c34b3d6921c2f00a5af0e290e,openspec_schema_or_template,utf8_read,yes
openspec/schemas/cmf-atomic-harness-genesis-v2/templates/visual-syntax.md,35,189d45416e40850e484536365d87585f231b91cc170499ed86dc3aebbdbb8a2a,openspec_schema_or_template,utf8_read,yes
openspec/schemas/cmf-visual-asset-editor-genesis-v1/schema.yaml,9726,dc8440590c9b872d2e088b3ee76940f79ad8977b6f0ee13b6c9e6a1db4aa5029,openspec_schema_or_template,yaml_parsed,yes
openspec/schemas/cmf-visual-asset-editor-genesis-v1/templates/amendment-policy.md,311,e4a62ffeb7214a92359b24448cfa8bf0f0c6d0e58b998620c7382dd7e7f9cdd3,openspec_schema_or_template,utf8_read,yes
openspec/schemas/cmf-visual-asset-editor-genesis-v1/templates/asset-continuity.md,257,2cee8ad84eca92899ab1df91193c73b05e86fad3aef0a6725c29a7fc4aa8ef85,openspec_schema_or_template,utf8_read,yes
openspec/schemas/cmf-visual-asset-editor-genesis-v1/templates/asset-family-taxonomy.md,353,2d5c59fb46fb043c37820969b5ff36458a62cbeb57265a2bc48d970112518528,openspec_schema_or_template,utf8_read,yes
openspec/schemas/cmf-visual-asset-editor-genesis-v1/templates/asset-memory.md,225,4b7a3b70602648e8eed7863fd2c8e92b2800e1bcf99eeec69302bdfcf414c198,openspec_schema_or_template,utf8_read,yes
openspec/schemas/cmf-visual-asset-editor-genesis-v1/templates/asset-strategy-registry.md,307,0392d4b5d9ec19d75b28074727d7bff79742bfbaec8422575e6e745ad9216950,openspec_schema_or_template,utf8_read,yes
openspec/schemas/cmf-visual-asset-editor-genesis-v1/templates/asset-workcell.md,592,65fe2b06de2a5c7194b77bb09b209afed030da808824cac7e7859e02d56a0383,openspec_schema_or_template,utf8_read,yes
openspec/schemas/cmf-visual-asset-editor-genesis-v1/templates/atomicity.md,286,04d032e68660f040d8df7a2216d6dbcacc3bf9100aa10a4ee7a3d0784ef0a150,openspec_schema_or_template,utf8_read,yes
openspec/schemas/cmf-visual-asset-editor-genesis-v1/templates/candidate-evaluation.md,355,c6d5c96ac518b6fd503adf04c6bb4f4eac48c7ef0f049c4ea876471c761639e5,openspec_schema_or_template,utf8_read,yes
openspec/schemas/cmf-visual-asset-editor-genesis-v1/templates/decision-context-models.md,524,b22098e4fa6144231539083a2cc2571cc52a6b6cc9c083f7dc1822e8cae1cf4f,openspec_schema_or_template,utf8_read,yes
openspec/schemas/cmf-visual-asset-editor-genesis-v1/templates/decisions.md,191,d1f83c7375a0873da3e3ac8906cd8f5cd4d9996a25d6519d8b1c1a290897a201,openspec_schema_or_template,utf8_read,yes
openspec/schemas/cmf-visual-asset-editor-genesis-v1/templates/editing-policy.md,323,a45cb20b148f0713231e2dcc99bb46c55575f56a7463840e344d1b3a4473edcd,openspec_schema_or_template,utf8_read,yes
openspec/schemas/cmf-visual-asset-editor-genesis-v1/templates/editor-constitution.md,555,574d9a6e1a829a11c462a162cb09ca1fa26b20baf2832e653df4e5bd72308416,openspec_schema_or_template,utf8_read,yes
openspec/schemas/cmf-visual-asset-editor-genesis-v1/templates/editor-prd.md,413,fb9d8e67f83dcbdf20139c798d4491990d87d035ed56a611399a6e5752063be4,openspec_schema_or_template,utf8_read,yes
openspec/schemas/cmf-visual-asset-editor-genesis-v1/templates/evals-goldens.md,337,7ec9d6c983930abcb697a0064298f69efc831a51fee5397897bbb1021da08a13,openspec_schema_or_template,utf8_read,yes
openspec/schemas/cmf-visual-asset-editor-genesis-v1/templates/global-constitution.md,331,8d405e7f507107c68112a0c22be41b1e2d81a2804a3400df953d5663b0f4fb6c,openspec_schema_or_template,utf8_read,yes
openspec/schemas/cmf-visual-asset-editor-genesis-v1/templates/grounded-generation-policy.md,284,af397da3bbb79049f71db5443fe98a14b2aa6a174db27fc0f4df44114b849502,openspec_schema_or_template,utf8_read,yes
openspec/schemas/cmf-visual-asset-editor-genesis-v1/templates/identity-performance-policy.md,275,3b279ae10a72d6432f57c11fb0f39a8a6dd591d49c3f5b664c86de6313a2757e,openspec_schema_or_template,utf8_read,yes
openspec/schemas/cmf-visual-asset-editor-genesis-v1/templates/image-conditioned-geometry.md,259,12946922754ca17e6c3dce5f2f00e6e8050b018d8e73c940790dd697daec937f,openspec_schema_or_template,utf8_read,yes
openspec/schemas/cmf-visual-asset-editor-genesis-v1/templates/implementation.md,269,2aa04388fb7b74c9d06a3ec6a707cea29954cd1c5e0e8cab74ff38ce3d285b2a,openspec_schema_or_template,utf8_read,yes
openspec/schemas/cmf-visual-asset-editor-genesis-v1/templates/input-contracts.md,384,25180f8748a2f35a8e8c0d9f54e2e37c22544eb7284bf8a4a64f64dc788d2821,openspec_schema_or_template,utf8_read,yes
openspec/schemas/cmf-visual-asset-editor-genesis-v1/templates/jit-skill-assembly.md,273,d7b6f6ef8113d459681ae881a8529436fe9139d3a04319e69b54d6aa706de629,openspec_schema_or_template,utf8_read,yes
openspec/schemas/cmf-visual-asset-editor-genesis-v1/templates/operator-workbench.md,315,0fdc272c29ad532f7397f7a10ff0c754398ee166fa8914727a820cb108a9afc0,openspec_schema_or_template,utf8_read,yes
openspec/schemas/cmf-visual-asset-editor-genesis-v1/templates/output-contracts.md,402,02d41816905cee3ccfeb46e72ae7fda0fb76669825afa7c981853074446f4b6d,openspec_schema_or_template,utf8_read,yes
openspec/schemas/cmf-visual-asset-editor-genesis-v1/templates/proof-document-policy.md,246,10fd834da83608a749847b2df78b4016ed6ea1dcd92576f60424ee06307029e9,openspec_schema_or_template,utf8_read,yes
openspec/schemas/cmf-visual-asset-editor-genesis-v1/templates/proposal.md,268,2381700d6893fad63b6b9dcd6f227073d9e1b42e7ca8fbfff759bc75edc20ed0,openspec_schema_or_template,utf8_read,yes
openspec/schemas/cmf-visual-asset-editor-genesis-v1/templates/readiness.md,174,8fadea773f0f1768c7cebede52072e057643b7632c63d9c0e42735f9a19b2167,openspec_schema_or_template,utf8_read,yes
openspec/schemas/cmf-visual-asset-editor-genesis-v1/templates/reference-mode-policy.md,389,e162209432387574ff51f8d7d735a45bf1a33afbe0b86532b06e504360a88b02,openspec_schema_or_template,utf8_read,yes
openspec/schemas/cmf-visual-asset-editor-genesis-v1/templates/research-fallback.md,271,eae510745d937f025c10a12776e8b750a56503bcf5b552240681ac3811d736b5,openspec_schema_or_template,utf8_read,yes
openspec/schemas/cmf-visual-asset-editor-genesis-v1/templates/resolution-state-machine.md,294,96747b9c32466cd7deb7e8503f16730f47aa3015a4e5e68d783d02cb315744c4,openspec_schema_or_template,utf8_read,yes
openspec/schemas/cmf-visual-asset-editor-genesis-v1/templates/rights-provenance.md,286,9fa288e829f7cadb5c25bdc55a9baa65b2c0274f7621d8e66ba962f335e7c560,openspec_schema_or_template,utf8_read,yes
openspec/schemas/cmf-visual-asset-editor-genesis-v1/templates/runtime-architecture.md,299,7a93f5a18b7fbf5c30bd6f4c3808585ffe487abd8503de79eb4826fd25401434,openspec_schema_or_template,utf8_read,yes
openspec/schemas/cmf-visual-asset-editor-genesis-v1/templates/saturation.md,291,eb59a4d6699aa1b5af36b5a241b4873468b097b9b51521a58e7b5fc769656d6a,openspec_schema_or_template,utf8_read,yes
openspec/schemas/cmf-visual-asset-editor-genesis-v1/templates/search-routing-matrix.md,314,6ab8bd323bb480e80bfb611272fdea70f2b8e502b35da8872979c1b120e009a1,openspec_schema_or_template,utf8_read,yes
openspec/schemas/cmf-visual-asset-editor-genesis-v1/templates/semantic-sovereignty.md,296,260c4452469e80ec0e8c54dfc281916989682e8f06c71ea2d3f4b3501e8fa802,openspec_schema_or_template,utf8_read,yes
openspec/schemas/cmf-visual-asset-editor-genesis-v1/templates/shared-understanding.md,286,fefd9605a41351a6d750717a9d395fba9f333e10805450e30f3581e89e6e4673,openspec_schema_or_template,utf8_read,yes
pyproject.toml,510,646ca0ef3bb444333b11628fe73e8bc6f04fdba4f340f7f6f5012daa734c1ca2,project_metadata_or_other,utf8_read,yes
README.md,1999,64f1d1e7565c8c71bf8aed3a90faf3d89a862d7334fc1c6274cd8d7a30f541e4,documentation_or_reference,utf8_read,yes
REFERENCE_HARNESS_PROGRAM.json,1832,296bc19441c8fd78eb4964f7d8c81f9b95cd2073e6cd8a8dfd3124b1a0111bd0,project_metadata_or_other,json_parsed,yes
references/audits/atomic_harness_candidate_registry.draft.json,30597,fb8e4ead6ce9e51a4826a3c7cf1d4998dbceb90231b1e5ffff46230a3509ec56,documentation_or_reference,json_parsed,yes
references/audits/current_repository_audit.json,7545,5d542aa43d672fad2d7290d45185ef12bac941bed3e0996752803a9357e00fee,documentation_or_reference,json_parsed,yes
references/audits/reference_source_lock.json,6155,4461d8783160eb6233d6140f4530fb10c0bc9f25c698fa98ac3be694ce49e9a7,documentation_or_reference,json_parsed,yes
references/external/BMAD_INTEGRATION_NOTES.md,626,3ce905931b8a775df8f6134ac2d3e3794fbc1a591f160794573819662f972d2c,documentation_or_reference,utf8_read,yes
references/external/OPENSPEC_INTEGRATION_NOTES.md,682,7fb510af83f59f58ea2e26ca3d3249371aa277628ffb12787668896dc85f4832,documentation_or_reference,utf8_read,yes
references/legacy_format01/FORMAT01_LEGACY_CONVERGENCE.md,3184,346ff5e5ad6c9458d502d547700f1dcd816ffc2eb718a52a687095224a295df3,documentation_or_reference,utf8_read,yes
references/legacy_format01/FORMAT01_LEGACY_DONOR_MAP.json,4693,2785bd11a17dabefd616e736721c41fb2cd2dbff956b5ad4a5989544ee85c683,documentation_or_reference,json_parsed,yes
references/methodology/4_Laws_of_Layered_Questions.md,14629,d017827239d7bd2f22ebf075bc8eeb6b8add6e0799041b086266a7d5f0326d44,documentation_or_reference,utf8_read,yes
references/methodology/CBAR_Constraint_Based_Adversarial_Reasoning.md,30597,a1b1c9d1f61ec389fd6ac429580aff8859567823d098a7521fefd1115359d009,documentation_or_reference,utf8_read,yes
references/methodology/CCV_Combinatorial_Controlled_Variation.md,36970,0869ff50e4bdaba3dc1854183100826d0de9568b9ed5558bf68b4590834a62c4,documentation_or_reference,utf8_read,yes
references/methodology/Conscious Movement Alchemy.md,10067,25a1acecad5e60499f82ed9492b63abb70294b9f59ccd10bf3fc914d221f99b8,documentation_or_reference,utf8_read,yes
references/methodology/Grill-me.md,2541,e613b334f42ba4c4c1bce3d86537a6ee14ee4e9d42877155afce6c83e34a00d4,documentation_or_reference,utf8_read,yes
references/methodology/Offline_Field_Acceleration_Protocol.md,11247,0319a9b82b61d422d89650902342349e69c4ce77dbab04fce1a46227c2d311a7,documentation_or_reference,utf8_read,yes
references/methodology/RSCS_Recursive_Signal_Compression_Systems.md,29832,bb8ebfcd5c519649b4363731cf11434ce600c71fb5e1d020abb59cbb51b8a330,documentation_or_reference,utf8_read,yes
references/skills/achievement-story-design-brief-v1.2.yaml,55860,c52d5eff8a7ee82d5c774ddc10a412e6535cc9830bc037611c11e3c819b1d72c,documentation_or_reference,yaml_parsed,yes
references/skills/adapter_registry.md,5643,9ce1253d07fe33f3868fda33c623bd4700bcb606e667a8aaa1643ae5a77fe10a,documentation_or_reference,utf8_read,yes
references/skills/ccp_skill_architecture_paper.md,45765,4489a6bb3a9c5f40796e266fc38ae1b9075875d9ce11470e1eaf5e19f2723952,documentation_or_reference,utf8_read,yes
references/skills/ccsb_paper.md,30746,7ef81772758d1c3228177a75ea60e0545a9ecae684ce29062547595a7bad8c9e,documentation_or_reference,utf8_read,yes
references/skills/Create_Evaluate_and_Connect_AI_Skills.md,68216,63696da4a252675ed285e896fb03a04063b3488b598f3f6700a66fcb8daa262e,documentation_or_reference,utf8_read,yes
references/skills/Evolving_Programmatic_Skill_Networks.md,87625,5fd292834d1641ab4a017bc9d55c23b520068a757fa66d5b05f67b025d879e70,documentation_or_reference,utf8_read,yes
references/skills/reasoning_modules_ecology.md,10159,57799b246817fd16cc2038649c23caf01c22421aca1b4694566a2b17ebd78e42,documentation_or_reference,utf8_read,yes
references/skills/SKILL_AUTHORING_GUIDE_V4.md,38947,e505ec0e86788a24f6cf8968dd672102d79f800e97e3521ac77c3f685baf4a5d,documentation_or_reference,utf8_read,yes
references/skills/SkillCraft_Can_LLM_Agents_Learn_to_Use_Tools_Skillfully.md,79878,0420674a45dc10e9048fdf49c8c92f1767e6403aa34467c142d5051aabc7c920,documentation_or_reference,utf8_read,yes
references/skills/SkillFactory_Self_Distillation_For_Learning_Cognitive_Behaviors.md,70937,091c5636c64478fa2a744d8e2721ae639a0c4f0d8ab4c2baa553178fed6fc7c9,documentation_or_reference,utf8_read,yes
schemas/activative_visual_asset_program.schema.json,16402,cc90e4989ce4daa3ccf5f55173d727f1a8db72f644539cf1638b9e950cb9bcc9,json_schema,json_parsed,yes
schemas/adapter_ref.schema.json,655,93eb724126fd04fa921b50feb1368076343895a662200fc4bd2e002a5c19bfaa,json_schema,json_parsed,yes
schemas/archetype_constitution.schema.json,1929,9e52e6a9cef8fd6d66eed931253b23983344d746dc1e8b536acb9903293c1a9a,json_schema,json_parsed,yes
schemas/archetype_harness_covenant.schema.json,4708,ef4bce350cf102601b1c3081606e1856747bcbcfd0bf0f69b13df94590ab65f5,json_schema,json_parsed,yes
schemas/asset_contract_amendment_request.schema.json,993,966b28a3d9164a61d18d28c443cd291310597e06bdcd1647ea1c78448982246e,json_schema,json_parsed,yes
schemas/cognitive_task_plan.schema.json,1939,f475207032796b8207f075bffbe635dfdaf19e1cad7186c0df3159ba863de02a,json_schema,json_parsed,yes
schemas/compatibility_dimension_score.schema.json,553,37949feba374f754cf72b357e4a4036969abc5744d48fdca5392cb35c947b18f,json_schema,json_parsed,yes
schemas/constitution_article.schema.json,918,b887d7b55366e0b63328007589a74d1b8094e579aa290dff5672b144e56b4357,json_schema,json_parsed,yes
schemas/content_program.schema.json,2266,c9c7ae6528fe197b833125bfa26bf38fe95fd9541646a1da5cf76bf68ddb2779,json_schema,json_parsed,yes
schemas/cross_modal_binding.schema.json,801,5902385d7ab12d56899472360f7907ac1acfbc449a8f9f3240a20ee6eba6379b,json_schema,json_parsed,yes
schemas/cross_modal_binding_program.schema.json,1688,9c88bdf539680779950d73e5e1c3e8c49c3c88ec8522a7cd6f20e886f6aa868a,json_schema,json_parsed,yes
schemas/decision_graph.schema.json,4933,0f8ad60fd227d71d4319ff1a1bda22359d3df52133b5653a1db59ceb0f7b0d37,json_schema,json_parsed,yes
schemas/decision_node.schema.json,2795,86b4fa2a69f92c8f97cd18f3b4f6b824cafcc35c8ee8574eb2f40d2da5796526,json_schema,json_parsed,yes
schemas/decision_resolution.schema.json,5121,d04922d8eb301d5b53ed65bcc5f3cd51b1c7964b4d9550c3ac85c8d590a6180c,json_schema,json_parsed,yes
schemas/evidence_ref.schema.json,1229,823f0a3477d8f576da06029e393cb7f50ae99acc9d9aded877434f45f6d72532,json_schema,json_parsed,yes
schemas/harness_constitution.schema.json,4563,97e3ff6ce7510d79c8bfe526eb998e66671e38d5215dc3353fa407661a2cec9c,json_schema,json_parsed,yes
schemas/harness_spec_artifact_manifest.schema.json,764,e26e6e1264ea1970fec780124b73bc5c2698b129015e944b2cf357f20458f5f2,json_schema,json_parsed,yes
schemas/human_ratification_item.schema.json,1735,2abd0dd036b20bc6f73a258a5e1ca5c35c95eaabc96e8154a8e89132ad87fb69,json_schema,json_parsed,yes
schemas/image_conditioned_geometry_pack.schema.json,3568,5c1f9bfe4dd1f1e22df95601d833de8ea29029219882ded53a15234ed2b90907,json_schema,json_parsed,yes
schemas/invariant_realization_binding.schema.json,1303,d4d801710c09386f0c28584ac81000bd37098e60b4a7fdab9de96a3e7bcf7cec,json_schema,json_parsed,yes
schemas/jit_skill_execution_plan.schema.json,5024,2e2b44a85d73b6e926ce3f8eeb895a688bd26dd207224360688c6ddb769660e0,json_schema,json_parsed,yes
schemas/production_asset_artifact.schema.json,2306,f074adf253c927652282e1b887713b5e5157256ef9f99bb88a34496cd32b60a0,json_schema,json_parsed,yes
schemas/provisional_decision_resolution.schema.json,4996,ca56c81e5b56c3a711401220688e525203b2ff81bffb24cfe47d15b915187372,json_schema,json_parsed,yes
schemas/question_packet.schema.json,6305,00c4f22d9806fd2bda74e49e5146e628d31484700ae767739a22dac2d73f0dd5,json_schema,json_parsed,yes
schemas/readiness_receipt.schema.json,2843,b34b4e06ae47eb83387173e9ea600dd77af6ea026f2433aca7758912481a09e6,json_schema,json_parsed,yes
schemas/recommendation_record.schema.json,3123,b7f9b5ae4db6d342378a615a31f14c9d9ffeb9fe158275ffa18a3c9a857711fb,json_schema,json_parsed,yes
schemas/reference_evidence.schema.json,2556,718eb2f529020f707cb6363772c6b04e4ff951e176bfd22e248550e4f2e6a550,json_schema,json_parsed,yes
schemas/resolved_activative_visual_asset_program.schema.json,6207,a4919c97da1398685644150ed45cc3aee5dd54ddb69dd85a7e2ecdb7ec36738b,json_schema,json_parsed,yes
schemas/resolved_asset_demand.schema.json,2427,8cc8485a0fa3b51d272a992d376b6cd73a9bd104ca89b17cc55289ea601bf2dd,json_schema,json_parsed,yes
schemas/role_lane_plan.schema.json,3208,79dc2b8d1c74b49de5e92d445838308ea29079026ed154806eca600cf1248a35,json_schema,json_parsed,yes
schemas/semantic_visual_isomorphism_binding.schema.json,2379,0d2eff7501e0dbb245cea16b3a2d65c1692e72b520b12ae1d2cba89d7aa61e82,json_schema,json_parsed,yes
schemas/sequence_operator_constitution.schema.json,1709,28e646125289ffd52d8c98c751983ae3756fa4c1240c485c08c6a1b993f0688d,json_schema,json_parsed,yes
schemas/skill_ref.schema.json,1288,ab6aeabcbc54aa3d7f012d6d1caa8d9e04f460f51e84b2e8a628bbbbba51927b,json_schema,json_parsed,yes
schemas/source_contribution_policy.schema.json,1418,835def674ff14a4565b2ef7dbe2ae11f6eb9bf8156306a30c5b752d448f04b64,json_schema,json_parsed,yes
schemas/source_root.schema.json,905,68c82085dacf2211fa2e17636cc72a24100a7f35b4d1aff38c11929c5550d2e0,json_schema,json_parsed,yes
schemas/source_snapshot.schema.json,1435,1293ec37224051a5a88a61bebac22cb73edf1dfc220cbb00008d3ec62d56deac,json_schema,json_parsed,yes
schemas/spec_run_config.schema.json,3181,211afd09265663c8c20c7e58ae84f4a9c1d0de268974b6b45a211d58e9336697,json_schema,json_parsed,yes
schemas/spec_run_state.schema.json,6834,0db708d8a016d5044418ae97deaaabadeab78478c7036f2c287732e76068eb92,json_schema,json_parsed,yes
schemas/visual_asset_demand_contract.schema.json,10661,a8d5ad51777af534ae0dfeb0a626661a0e0c562c951b74fb9a2c6c573ebe7b80,json_schema,json_parsed,yes
schemas/yolo_draft_run.schema.json,1182,39c6521fd625f995688fb393f9c129192d1bad3018c1715f3167d98620f20c01,json_schema,json_parsed,yes
scripts/create_reference_run_plan.py,671,f04c998d8dbdae64c7421774902a806f2dbb0f002d4bb0b6dd87c3cfb60b101f,utility_script,python_ast_parsed,yes
scripts/install_into_visual_syntax_builder.py,1519,d0b250f5af19ce11e4de3704dade12ed9c4ec4831c0ad1f4023644da7f79c47b,utility_script,python_ast_parsed,yes
src/cmf_harness_spec_builder/__init__.py,22,ffb3a541d6d590ae2369dd022dda48d20ad3fb31006feaa01661f9985cc35e20,production_python,python_ast_parsed,yes
src/cmf_harness_spec_builder/__main__.py,61,f38fd2f2c920c29c828645e87ed64743d567aaaef7fba7a15d2c7d7f8094f91f,production_python,python_ast_parsed,yes
src/cmf_harness_spec_builder/__pycache__/__init__.cpython-313.pyc,163,3bdfaf8eb196be903ab360886ce3d19afb3a2aca6a16a37b5e4952e6aea348cb,project_metadata_or_other,binary_read,yes
src/cmf_harness_spec_builder/__pycache__/__main__.cpython-313.pyc,238,24a5e4ef5430f1607e030b9040cba903199a4223e4fab197d22942efadd7a0ad,project_metadata_or_other,binary_read,yes
src/cmf_harness_spec_builder/__pycache__/cli.cpython-313.pyc,24427,5c71666293cd480ed0ff1e94e8678589039c57a4a44db3807143be8eaaba3049,project_metadata_or_other,binary_read,yes
src/cmf_harness_spec_builder/__pycache__/config_io.cpython-313.pyc,2063,4e4eb527d214faab603dd908fd12b9ade4aef9e11edb2ddd23815fe3e2d54eba,project_metadata_or_other,binary_read,yes
src/cmf_harness_spec_builder/__pycache__/decision_tree.cpython-313.pyc,61026,6f543b0e02cbe0341c596a4d079dedd6722bb1ee0ee1c04389c308e2e4c1a7ec,project_metadata_or_other,binary_read,yes
src/cmf_harness_spec_builder/__pycache__/grill_me.cpython-313.pyc,21373,9cc06cef66b6fedd19bb329d719d6224cd5410f44a8a4239e42cc993e59bbae2,project_metadata_or_other,binary_read,yes
src/cmf_harness_spec_builder/__pycache__/legacy_format01.cpython-313.pyc,4869,189efa20c591eadc66d975bb42a0c7b893fa7719ac64e6fec40151dc9b63a73c,project_metadata_or_other,binary_read,yes
src/cmf_harness_spec_builder/__pycache__/models.cpython-313.pyc,56166,a3883366481c7105aca0c213cf718fafe7b3f9773a054c8f853bdbba0e60bc91,project_metadata_or_other,binary_read,yes
src/cmf_harness_spec_builder/__pycache__/module_registry.cpython-313.pyc,3455,df9d385b45499b90ff331fdaa4d3c2a2b940ec2dbaf5a4ade821974528ad8ccf,project_metadata_or_other,binary_read,yes
src/cmf_harness_spec_builder/__pycache__/paths.cpython-313.pyc,1625,6110906b36d90fa09b85e97c913d341f39e0a27cf0cdc8d390325618663d498c,project_metadata_or_other,binary_read,yes
src/cmf_harness_spec_builder/__pycache__/readiness.cpython-313.pyc,16002,8867c8e77317acdf1dbd09026c424c90a5a37d99abfb4fe9d2bc599c5c20f0f9,project_metadata_or_other,binary_read,yes
src/cmf_harness_spec_builder/__pycache__/saturation.cpython-313.pyc,8061,707846891abb9d5fe29e0004f262d530b97d442279e91d155f938096c3def903,project_metadata_or_other,binary_read,yes
src/cmf_harness_spec_builder/__pycache__/source_index.cpython-313.pyc,18795,abe9d2fbae167487c378187772a24f0885f34d731ad76a66072b4d2b60d15d2e,project_metadata_or_other,binary_read,yes
src/cmf_harness_spec_builder/__pycache__/spec_compiler.cpython-313.pyc,12731,c0503defee17eeeebdcc4186bc2cc6704f72283cda64b2cc90573c0620e7989a,project_metadata_or_other,binary_read,yes
src/cmf_harness_spec_builder/__pycache__/state.cpython-313.pyc,1273,1740022a8f0013b8890d3eb01569f7001f1a51729d6409e798f0303905993db2,project_metadata_or_other,binary_read,yes
src/cmf_harness_spec_builder/__pycache__/target_scaffold.cpython-313.pyc,3738,7a1e83e190602f80047fc58be6d5eeee132849e39ce3724451088fb7ae151658,project_metadata_or_other,binary_read,yes
src/cmf_harness_spec_builder/cli.py,15049,72aa85bd023011eb959f065fe5d5940f32b445610d8e6b25f3a6ab107b43f1ec,production_python,python_ast_parsed,yes
src/cmf_harness_spec_builder/config_io.py,984,1fe3aeb3915b50ee8944106ca6beab7e1180ecfaa60d8485d19bc031648bf485,production_python,python_ast_parsed,yes
src/cmf_harness_spec_builder/decision_tree.py,51784,e64803087a3fda83ccfbf3f3f237adc1d58cc372860ad1fde6c3b2c5d5d89da1,production_python,python_ast_parsed,yes
src/cmf_harness_spec_builder/grill_me.py,15095,a0b1893e0509111dd3747700fe53c35733ad3abd4d04e45a86f0b6725cae3453,production_python,python_ast_parsed,yes
src/cmf_harness_spec_builder/legacy_format01.py,4550,46ed774f92fccdebc936855fa7b9cd9af6d10828c6deb9abf3deda8cccd0bec9,production_python,python_ast_parsed,yes
src/cmf_harness_spec_builder/models.py,37390,9c472db2289d1dbfedca7b29c0e5cec214588c59d7aa2d9b844625e62e31bade,production_python,python_ast_parsed,yes
src/cmf_harness_spec_builder/module_registry.py,2696,e512ce1e2f0cc351edae36ebc6831240246fb54b3586ea594d93f7ab5c84d7b8,production_python,python_ast_parsed,yes
src/cmf_harness_spec_builder/paths.py,800,a28a3d623b8b986e597ce3f224e46583458ac2a16aeded8032c8b64f14ad09c1,production_python,python_ast_parsed,yes
src/cmf_harness_spec_builder/readiness.py,12082,3a284e9613f58479545820f91568b6eebac75ec67b3c1c41fc366d4caaf8924f,production_python,python_ast_parsed,yes
src/cmf_harness_spec_builder/saturation.py,6649,374c5510bb254ca2a998c9897c37e7985d078b3126e298dbd49ef8c329f5e0d9,production_python,python_ast_parsed,yes
src/cmf_harness_spec_builder/source_index.py,11013,993661d42ceedf188fcb1e32092238d9eadcb818d0a04d09ac6f01e2ae9332a1,production_python,python_ast_parsed,yes
src/cmf_harness_spec_builder/spec_compiler.py,8866,e25c204653e2326ebfc8a1a9e1f73d008070457581f72eef2cc52a37f20fb974,production_python,python_ast_parsed,yes
src/cmf_harness_spec_builder/state.py,628,8a3d60a9c44083706ccbce1f8a5152e197633cbbe6dd219ab2f1456e04d5ecd4,production_python,python_ast_parsed,yes
src/cmf_harness_spec_builder/target_scaffold.py,2435,29cf5725c82683a6b3e01e6140418a8043b46bf17bc67b57e7f242345e769818,production_python,python_ast_parsed,yes
templates/artifacts/decision_graph.template.json,16176,9ab156c3f0810433ac06f4b1ecb34b230a8844775b1c78b01180ef124b48a64a,template,json_parsed,yes
templates/artifacts/DECISION_RECORD.md,490,85108176d1d56e8bccf1667ba1f8db529365fca7adc62a2379eb8158a1fc1f37,template,utf8_read,yes
templates/artifacts/decision_resolution.example.json,1458,fd0591a2af64ee31696b6f9b28779fcb80a6257e9379766a9c4ebd9babea9c90,template,json_parsed,yes
templates/dossier/ACTIVATIVE_DIALECT_PLAN.md,176,a7e37b1b0e881b181f0d4594676c8878263582a45a39e9da370e49a648e0c913,template,utf8_read,yes
templates/dossier/ACTIVATIVE_VISUAL_ASSET_PROGRAM.md,113,58783ae80221a32f8b264a89cf92ca407e5ebc12a127044fe2098e63d626ae7c,template,utf8_read,yes
templates/dossier/ACTIVATIVE_VISUAL_NARRATIVE_SEMANTICS.md,189,a92f9b82a64fe4e0e52cdcccf5a710f295fa33688b716c9adecfe9c051365ede,template,utf8_read,yes
templates/dossier/ACTIVATIVE_VISUAL_SEMANTIC_PACK.md,183,cc02a8dc03f6bbd1904ebe0c1f33ffbe708c32fd07020f4ec50d3d4cb3c21a57,template,utf8_read,yes
templates/dossier/ARCHETYPE_CONSTITUTION_BINDING.md,182,f319363aa1ac362e7d6cc18389233d16c2447493aed415bcbad16ac940c7ab4d,template,utf8_read,yes
templates/dossier/ARCHETYPE_HARNESS_COMPATIBILITY_MATRIX.yaml,30,85763f9922577e8d8b0e5f24d9edba2a79985bf89b3f8f4d0b998ab0cc6d0423,template,yaml_parsed,yes
templates/dossier/ARCHETYPE_HARNESS_COVENANT.md,178,da1e6649d2b217c462d78fb233da7fee5ceb6cf43399b750c65230aa28e2d1f6,template,utf8_read,yes
templates/dossier/ASSET_ACCEPTANCE_GATES.md,83,dd8f61bb266955612018604568cb829a865e332f2bc095efd8af6ea883b0fc08,template,utf8_read,yes
templates/dossier/ASSET_CONTRACT_AMENDMENT_POLICY.md,124,ad40c876a5bac116ca0c99717d8ec050694c997017873918ca5dcd57ffd15d62,template,utf8_read,yes
templates/dossier/ASSET_DEMAND_MANIFEST.md,167,ddd4fa85cb39de3f5d463981e92e33d12fb9024edd46d6e37400c758175a5da7,template,utf8_read,yes
templates/dossier/ASSET_MEMORY_AND_FATIGUE_PLAN.md,113,3db6eaadc100c53ef60daee580fc80972c49e9a8ce90576bbec26b3c0897cb22,template,utf8_read,yes
templates/dossier/ASSET_PRODUCTION_STRATEGY_REGISTRY.md,139,d6e2f736f1a9a84cfda03cc48ea3652f630ff144657a3f9d52ca8f19d924949f,template,utf8_read,yes
templates/dossier/ASSET_RESEARCH_AND_EDITING_WORKCELL.md,192,288b955c0454f48478e6a2c70d8cf0fecc9b05d2b3c100c4bb3874d6b0967cae,template,utf8_read,yes
templates/dossier/ASSET_SEARCH_AND_ROUTING_MATRIX.md,111,9ec82817c1ec782474b4d0006181c3467363b55fe22f5827f2766a5fe0ba8359,template,utf8_read,yes
templates/dossier/ASSET_SEQUENCE_CONTINUITY_PLAN.md,135,b1ec05bc93befe103517fdf505ed57d36c4ca133e129e011a5128d1d31db907b,template,utf8_read,yes
templates/dossier/COGNITIVE_WORK_OPTIMIZATION_PLAN.md,195,1b8b6be1a4404e0888b8299e4638a9dcb9eac77fbef60242107d88115f19e2d8,template,utf8_read,yes
templates/dossier/COMPOSITION_INTENT_PROGRAM.md,170,c72842802c8494582fca89201bc297b11df889bafaec8a2eaad3a02d51b7b851,template,utf8_read,yes
templates/dossier/CONTENT_ARC_AND_VIEWER_STATE_SEQUENCE.md,189,bd99dd22aefd7c6f5e9a322b039ad82caead63cf871e73f4bd496e4c57e1a8a3,template,utf8_read,yes
templates/dossier/CONTENT_PROGRAM_RESOLUTION.md,178,fdb60fad4c6c1b490a4e89a31e6482d1d783a9777b19ee5a199f3826ee586b6c,template,utf8_read,yes
templates/dossier/CONTEXT_PROJECTION_PLAN.yaml,161,2353ec082a75ccbc69c2edc6de7b3e4db0dc8c78423d835b515aeca365171a14,template,yaml_parsed,yes
templates/dossier/CONTRACTS_RUNTIME_ARCHITECTURE.md,182,27be4c9864719bf7a08fbda460e3d07e8553ac8a63a6243b1d5c77a6a7444518,template,utf8_read,yes
templates/dossier/CROSS_MODAL_BINDING_PROGRAM.md,179,d2cc9238379dc79ab7239b88eee95d5fb6773b59767a6bfd56bc2e4e7f07d98d,template,utf8_read,yes
templates/dossier/CURRENT_CODEBASE_MAPPING.md,133,875fc604c35fc33471954fccfc44d3bdf4adfc538055bde965d9a681d2b8fc34,template,utf8_read,yes
templates/dossier/DECISION_CONTEXT_MODEL_AND_SKILL_POLICY.md,191,80ac96e97692f54083554f321ee63f3f4017223d336f3727b25e9a384f6d9a6f,template,utf8_read,yes
templates/dossier/DECISION_OWNERSHIP.yaml,29,fb109e5f9d251578dedc69671da0b940bcb8f66f990a9a44cae2cd5d34a6b53a,template,yaml_parsed,yes
templates/dossier/EVAL_AND_GOLDENS_PLAN.md,198,31738254daa4db9745a348cec08097fd26a7c35fa2b441a8ebd456fdc9bf5c0a,template,utf8_read,yes
templates/dossier/EVALS_GOLDENS_REPAIR_AND_CERTIFICATION.md,190,700223acf6ce8e0db6dbfdc7cbde6a48f63af321ccc23a63b35eccc46add77dc,template,utf8_read,yes
templates/dossier/GLOBAL_CONSTITUTION_INHERITANCE.md,183,01555722a1851820e14400417d12c902caa1286ff2d7d0c31eeadf739d2a98ef,template,utf8_read,yes
templates/dossier/HARNESS_ACTIVATIVE_PROJECTION.md,181,ce1de965e26fbfd2d4b59669465b9c9bfe85de701cd177c2aff249bafd77778f,template,utf8_read,yes
templates/dossier/HARNESS_CANDIDATE.md,178,7b44f0f4cab24b5fb8b1c3c49c2c5b5047f003036ce6b609565f335b9ae360ee,template,utf8_read,yes
templates/dossier/HARNESS_CONSTITUTION.md,172,e73ab878aacc9a7ffb9df8125a0410d03ac36497a9d07f3b0db2b386b215bc99,template,utf8_read,yes
templates/dossier/IMAGE_CONDITIONED_GEOMETRY_HANDOFF.md,146,81ac51bcfbf54e7fbb3ff7b6b7fb6417d3068b14d6e7b470a36ccf488fad5400,template,utf8_read,yes
templates/dossier/IMAGE_CONDITIONED_GEOMETRY_PROGRAM.md,91,68db2660fd9cc9c4bc06271cf19873fac0a2a4987022f59c84cb286062e00d72,template,utf8_read,yes
templates/dossier/IMPLEMENTATION_BACKLOG.md,174,9c50a6e2c7a92d8770481b26068843a866e379b46e81d9e1b07911f583529cef,template,utf8_read,yes
templates/dossier/JIT_EXECUTION_POLICY.yaml,177,0be2dd863a5918db1d2fda52d97e21f0bf35a4979a2879573e43a23dc0d76967,template,yaml_parsed,yes
templates/dossier/JIT_SKILL_ASSEMBLY_PLAN.md,175,b0e8d5cc6e077d34cdf79404e360de875e3c14e41b0a0065261fcea3b9736ae9,template,utf8_read,yes
templates/dossier/MODEL_PROGRAM_PLAN.md,165,349a20ebfe2be59cf1f7cd3f37b61af96785e91f662db44dc01cf46e74078bb5,template,utf8_read,yes
templates/dossier/OPEN_QUESTIONS.md,166,ade71f5bc2230a570fd2143b907cf66cb10d43575300811282eee6e81fa01193,template,utf8_read,yes
templates/dossier/OPERATOR_WORKBENCH.md,170,9ccc59f2dea95f9d95ce5cedf28575f86149453fd444d35f40b3f72617fa6673,template,utf8_read,yes
templates/dossier/PACKAGE_SEQUENCE_PROGRAM.md,176,ac17b5609e40327518293dd45b89b63d566e691d358cbafc5f3739db9a47c142,template,utf8_read,yes
templates/dossier/POSE_GAZE_MEMETIC_ACTING.md,176,513a6d897ed58acf3864f570aee8109e7664e059a230851f8a68610a69352490,template,utf8_read,yes
templates/dossier/PRETEXT_PROGRAM.md,167,936ea248fc57e49cfffcde27d17096bc0a5275d7180c0fa214658dcd9c208d9e,template,utf8_read,yes
templates/dossier/PRIMITIVE_APPRECIATION_PLAN.md,234,9817460f0d7ccc8766943b9ac757dc831c790a740e768c17bc26100566147215,template,utf8_read,yes
templates/dossier/PRIMITIVE_MATRIX_SDA_SFL_DIALECT.md,184,f1ac280e918b005b24eadf85c5c7536c37c60feb8011478086f0575d5c6eb4aa,template,utf8_read,yes
templates/dossier/PROVEN_FORMAT_EVIDENCE.md,161,48bd7b64fae1671cad86d3f0ef73e37c0a7443845317600c8d307de427d56157,template,utf8_read,yes
templates/dossier/PYDANTIC_CONTRACT_PLAN.md,103,354810e560dd2af5d29629783131c990ee279ad6d1c7d8a5f6cc6d9f6c1ac310,template,utf8_read,yes
templates/dossier/READINESS_RECEIPT.json,91,3b43a28836a69892ed941c440e7db73655bb1e71c55792f1e28cfe8bc756a28f,template,json_parsed,yes
templates/dossier/README.md,618,4111c4294789d4b31fbefc684557f4c8f1701142cc0e581216b357067d33bd62,template,utf8_read,yes
templates/dossier/REAL_LIFE_REFERENCE_POLICY.md,129,a69ad2f73df8139ad3cd8d77bf36e0ade9ff1f2a59ade26a09b81bd15bca7035,template,utf8_read,yes
templates/dossier/RECIPE_AND_INGREDIENTS.md,174,b7bc49fb0bf3312f35f3d3089b45e5ae1e3f3e60be1904fd4bb58e9d46aa97f6,template,utf8_read,yes
templates/dossier/ROLE_SKILL_CATALOG.yaml,85,340cbf40562d033969a94561166400f2c80243b25062a38269a5634ce1521f54,template,yaml_parsed,yes
templates/dossier/RUNTIME_OWNERSHIP_PLAN.md,135,4b913d5dc6ede097ca40275a437cb3383e4448c86766fe77aa5fc029d49d42eb,template,utf8_read,yes
templates/dossier/SCENE_SLIDE_STATE_GRAPH.md,175,d009ccbe0829ae99c90c369bca11375d4c3b2c5db77cbc69b946de0af19d566d,template,utf8_read,yes
templates/dossier/SDA_INVARIANTS_PLAN.md,115,e4b508fbe6887142d9a0827b8b5fdf7fd8e63342e7354b729d5fcef523ec02e8,template,utf8_read,yes
templates/dossier/SEMANTIC_VISUAL_ISOMORPHISM.md,179,e02be9001ce9bafdcb5f2946ab62a408498eb164d6027f59fb67db8f4ca8d5f8,template,utf8_read,yes
templates/dossier/SEMANTIC_WORKCELL_ARCHITECTURE.md,182,0d5e062f33b2bf4e1d3065aee93ababe8218e4f0c62966eca0e47cbfbb7106fd,template,utf8_read,yes
templates/dossier/SEQUENCE_OPERATOR_PLAN.md,258,77c307ae541a10ec6129d16f4dda96e005406e249f528960b06cec3d51bf3054,template,utf8_read,yes
templates/dossier/SEQUENCE_STRATEGY_AND_OPERATOR_PROGRAM.md,190,b9c72879a4a6085ef310ad649d0751172fa994d5115a0a8c8a12731f32f2f87a,template,utf8_read,yes
templates/dossier/SFL_MAPPING_PLAN.md,144,f63ccb77fc81db4270190d108cd44d4dfa7e4403f9539000e364f4c167aa053b,template,utf8_read,yes
templates/dossier/SONIC_SYNTAX_PLAN.md,133,534555aae88058ac15bc2cba0b744eeda1646a192bdc2dc468bba65fa8b6e0c9,template,utf8_read,yes
templates/dossier/SONIC_TEMPORAL_SYNTAX.md,173,fee9cf20ca013d3be21489b27537b764dcb7d1299c6179634ca8761685687ab9,template,utf8_read,yes
templates/dossier/SOURCE_SOVEREIGNTY_AND_CRAL_POLICY.md,186,2249dfc4ec5b4694f2854adf79ee02d7ffc5cf54d15cdd94fc2d43dd6a903cda,template,utf8_read,yes
templates/dossier/VISUAL_ASSET_EDITOR_CONSTITUTION.md,152,1142efd6438e51acf0fa6a2cad893b0c5b0ad7605324d09185f88e06a31ce642,template,utf8_read,yes
templates/dossier/VISUAL_ASSET_EDITOR_DELEGATION.md,134,0ced68721fbce2347f83bd91d18cff4869e3ef12725a045bac3215edd107f0a6,template,utf8_read,yes
templates/dossier/VISUAL_SYNTAX.md,165,542c20056fc9f876823492997820da95defbb269e9c0b9f16cc415ae74ea969f,template,utf8_read,yes
templates/dossier/VISUAL_SYNTAX_PLAN.md,197,a89bf148615fad0c8c7234bb3885421927239cdb8da0c2bec4fb6fca30128e17,template,utf8_read,yes
tests/__pycache__/test_spec_builder_v2.cpython-313-pytest-9.0.2.pyc,64753,b6f8b527235f04fc15c4388ec53ad50c36993983d18be2363baee7522cfd8aab,test,binary_read,yes
tests/__pycache__/test_spec_builder_v2.cpython-313.pyc,38003,0c0ef25b945895b4f5e84df472158e2aa7ef29d76e6373f376231b9898febfe4,test,binary_read,yes
tests/test_spec_builder_v2.py,28351,38f50915059a92b1f5c976a1eb0432380718dde65b6ca20f25c6ee1f96076d31,test,python_ast_parsed,yes
VISUAL_ASSET_EDITOR_MODULE_PLAUSIBILITY_RECEIPT.json,1210,de46d12181a7532a9aac3f3acd30d9a0d0f7788d08ff9103cbbac2135ce10d72,project_metadata_or_other,json_parsed,yes
