requirement_id,type,feature_id,title,decisions,user_journeys,cross_cutting_nfrs,source_file
FR-001,FR,F01,Select one explicit compilation target,D004;D006,UJ-01,NFR-REL-001;NFR-REL-002;NFR-REL-003;NFR-TRACE-002;NFR-OBS-001,prd/05-features/F01-governed-product-lifecycle.md
FR-002,FR,F01,Create a stable run identity,D005;D025,UJ-01,NFR-REL-001;NFR-REL-002;NFR-REL-003;NFR-TRACE-002;NFR-OBS-001,prd/05-features/F01-governed-product-lifecycle.md
FR-003,FR,F01,Enforce a typed lifecycle state machine,D006;D027,UJ-01;UJ-09,NFR-REL-001;NFR-REL-002;NFR-REL-003;NFR-TRACE-002;NFR-OBS-001,prd/05-features/F01-governed-product-lifecycle.md
FR-004,FR,F01,Apply target-specific lifecycle profiles,D004;D006,UJ-01,NFR-REL-001;NFR-REL-002;NFR-REL-003;NFR-TRACE-002;NFR-OBS-001,prd/05-features/F01-governed-product-lifecycle.md
FR-005,FR,F01,Govern lifecycle waivers,D002;D006;D027,UJ-09,NFR-REL-001;NFR-REL-002;NFR-REL-003;NFR-TRACE-002;NFR-OBS-001,prd/05-features/F01-governed-product-lifecycle.md
FR-006,FR,F01,Emit an event for every authoritative transition,D025,UJ-09,NFR-REL-001;NFR-REL-002;NFR-REL-003;NFR-TRACE-002;NFR-OBS-001,prd/05-features/F01-governed-product-lifecycle.md
FR-007,FR,F01,Resume without replaying human decisions,D010;D025,UJ-04,NFR-REL-001;NFR-REL-002;NFR-REL-003;NFR-TRACE-002;NFR-OBS-001,prd/05-features/F01-governed-product-lifecycle.md
FR-008,FR,F01,Enforce the Builder product boundary,D001;D029;D033,UJ-11,NFR-REL-001;NFR-REL-002;NFR-REL-003;NFR-TRACE-002;NFR-OBS-001,prd/05-features/F01-governed-product-lifecycle.md
FR-009,FR,F02,Define target-specific source profiles,D005;D006,UJ-01,NFR-REL-004;NFR-TRACE-001;NFR-TRACE-004;NFR-SEC-003;NFR-SCALE-001,prd/05-features/F02-configured-evidence-workspace.md
FR-010,FR,F02,Run source-readiness diagnostics before initialization,D005,UJ-01,NFR-REL-004;NFR-TRACE-001;NFR-TRACE-004;NFR-SEC-003;NFR-SCALE-001,prd/05-features/F02-configured-evidence-workspace.md
FR-011,FR,F02,Read directories and archives without mutating sources,D005;D028,UJ-01,NFR-REL-004;NFR-TRACE-001;NFR-TRACE-004;NFR-SEC-003;NFR-SCALE-001,prd/05-features/F02-configured-evidence-workspace.md
FR-012,FR,F02,Require a real target candidate boundary,D005,UJ-01,NFR-REL-004;NFR-TRACE-001;NFR-TRACE-004;NFR-SEC-003;NFR-SCALE-001,prd/05-features/F02-configured-evidence-workspace.md
FR-013,FR,F02,Create an immutable source lock,D005;D025,UJ-01,NFR-REL-004;NFR-TRACE-001;NFR-TRACE-004;NFR-SEC-003;NFR-SCALE-001,prd/05-features/F02-configured-evidence-workspace.md
FR-014,FR,F02,Build a queryable evidence index,D003;D005,UJ-01;UJ-03,NFR-REL-004;NFR-TRACE-001;NFR-TRACE-004;NFR-SEC-003;NFR-SCALE-001,prd/05-features/F02-configured-evidence-workspace.md
FR-015,FR,F02,Inventory every target specimen,D007;D023,UJ-02,NFR-REL-004;NFR-TRACE-001;NFR-TRACE-004;NFR-SEC-003;NFR-SCALE-001,prd/05-features/F02-configured-evidence-workspace.md
FR-016,FR,F02,Evaluate a measurable saturation contract,D003;D007,UJ-01;UJ-02,NFR-REL-004;NFR-TRACE-001;NFR-TRACE-004;NFR-SEC-003;NFR-SCALE-001,prd/05-features/F02-configured-evidence-workspace.md
FR-017,FR,F02,Classify evidence gaps and authority conflicts,D005;D007,UJ-01;UJ-09,NFR-REL-004;NFR-TRACE-001;NFR-TRACE-004;NFR-SEC-003;NFR-SCALE-001,prd/05-features/F02-configured-evidence-workspace.md
FR-018,FR,F02,Issue typed saturation outcomes,D007;D027,UJ-01;UJ-09,NFR-REL-004;NFR-TRACE-001;NFR-TRACE-004;NFR-SEC-003;NFR-SCALE-001,prd/05-features/F02-configured-evidence-workspace.md
FR-019,FR,F03,Normalize every visual specimen,D007,UJ-02,NFR-TRACE-001;NFR-TRACE-004;NFR-EVAL-001;NFR-EVAL-002;NFR-CAT-001,prd/05-features/F03-visual-syntax-first.md
FR-020,FR,F03,Detect duplicate and near-duplicate visual evidence,D007;D023,UJ-02,NFR-TRACE-001;NFR-TRACE-004;NFR-EVAL-001;NFR-EVAL-002;NFR-CAT-001,prd/05-features/F03-visual-syntax-first.md
FR-021,FR,F03,Produce a typed specimen-level visual syntactic parse,D007;D012,UJ-02,NFR-TRACE-001;NFR-TRACE-004;NFR-EVAL-001;NFR-EVAL-002;NFR-CAT-001,prd/05-features/F03-visual-syntax-first.md
FR-022,FR,F03,Use a canonical parsing ontology with category adaptations,D030;D031,UJ-02;UJ-06,NFR-TRACE-001;NFR-TRACE-004;NFR-EVAL-001;NFR-EVAL-002;NFR-CAT-001,prd/05-features/F03-visual-syntax-first.md
FR-023,FR,F03,Measure normalized component geometry,D007;D012,UJ-02,NFR-TRACE-001;NFR-TRACE-004;NFR-EVAL-001;NFR-EVAL-002;NFR-CAT-001,prd/05-features/F03-visual-syntax-first.md
FR-024,FR,F03,Build a spatial relationship graph,D007;D014,UJ-02,NFR-TRACE-001;NFR-TRACE-004;NFR-EVAL-001;NFR-EVAL-002;NFR-CAT-001,prd/05-features/F03-visual-syntax-first.md
FR-025,FR,F03,Parse hierarchy and reading order,D007,UJ-02,NFR-TRACE-001;NFR-TRACE-004;NFR-EVAL-001;NFR-EVAL-002;NFR-CAT-001,prd/05-features/F03-visual-syntax-first.md
FR-026,FR,F03,Classify composition variables,D007;D008,UJ-02;UJ-03,NFR-TRACE-001;NFR-TRACE-004;NFR-EVAL-001;NFR-EVAL-002;NFR-CAT-001,prd/05-features/F03-visual-syntax-first.md
FR-027,FR,F03,Parse temporal syntax for time-based evidence,D030;D031,UJ-02;UJ-06,NFR-TRACE-001;NFR-TRACE-004;NFR-EVAL-001;NFR-EVAL-002;NFR-CAT-001,prd/05-features/F03-visual-syntax-first.md
FR-028,FR,F03,Separate BBOX observation from WHY hypotheses,D007;D011,UJ-02,NFR-TRACE-001;NFR-TRACE-004;NFR-EVAL-001;NFR-EVAL-002;NFR-CAT-001,prd/05-features/F03-visual-syntax-first.md
FR-029,FR,F03,Induce cross-specimen visual grammar,D007;D008,UJ-02;UJ-03,NFR-TRACE-001;NFR-TRACE-004;NFR-EVAL-001;NFR-EVAL-002;NFR-CAT-001,prd/05-features/F03-visual-syntax-first.md
FR-030,FR,F03,Draft category-native sequence grammar,D007;D030;D031,UJ-02;UJ-06,NFR-TRACE-001;NFR-TRACE-004;NFR-EVAL-001;NFR-EVAL-002;NFR-CAT-001,prd/05-features/F03-visual-syntax-first.md
FR-031,FR,F03,Draft Activative hypotheses after syntax,D007;D030,UJ-02;UJ-04,NFR-TRACE-001;NFR-TRACE-004;NFR-EVAL-001;NFR-EVAL-002;NFR-CAT-001,prd/05-features/F03-visual-syntax-first.md
FR-032,FR,F04,Compare candidate product boundaries,D008,UJ-03,NFR-TRACE-001;NFR-TRACE-004;NFR-CAT-001;NFR-CAT-002;NFR-EVAL-003,prd/05-features/F04-atomicity-draft-harness-model.md
FR-033,FR,F04,Assign one typed atomicity status,D008,UJ-03,NFR-TRACE-001;NFR-TRACE-004;NFR-CAT-001;NFR-CAT-002;NFR-EVAL-003,prd/05-features/F04-atomicity-draft-harness-model.md
FR-034,FR,F04,Explain merge and split recommendations,D008;D033,UJ-03,NFR-TRACE-001;NFR-TRACE-004;NFR-CAT-001;NFR-CAT-002;NFR-EVAL-003,prd/05-features/F04-atomicity-draft-harness-model.md
FR-035,FR,F04,Assess wrong-boundary risk,D008;D027,UJ-03,NFR-TRACE-001;NFR-TRACE-004;NFR-CAT-001;NFR-CAT-002;NFR-EVAL-003,prd/05-features/F04-atomicity-draft-harness-model.md
FR-036,FR,F04,Require human atomicity ratification,D002;D008,UJ-03,NFR-TRACE-001;NFR-TRACE-004;NFR-CAT-001;NFR-CAT-002;NFR-EVAL-003,prd/05-features/F04-atomicity-draft-harness-model.md
FR-037,FR,F04,Compile a Draft Harness Model,D009;D011,UJ-04,NFR-TRACE-001;NFR-TRACE-004;NFR-CAT-001;NFR-CAT-002;NFR-EVAL-003,prd/05-features/F04-atomicity-draft-harness-model.md
FR-038,FR,F04,Mark the Draft Harness Model unratified,D009;D011,UJ-04,NFR-TRACE-001;NFR-TRACE-004;NFR-CAT-001;NFR-CAT-002;NFR-EVAL-003,prd/05-features/F04-atomicity-draft-harness-model.md
FR-039,FR,F04,"Expose gaps, confidence, and alternatives",D003;D009,UJ-04,NFR-TRACE-001;NFR-TRACE-004;NFR-CAT-001;NFR-CAT-002;NFR-EVAL-003,prd/05-features/F04-atomicity-draft-harness-model.md
FR-040,FR,F04,Freeze the ratified boundary for Genesis,D008;D010;D033,UJ-04,NFR-TRACE-001;NFR-TRACE-004;NFR-CAT-001;NFR-CAT-002;NFR-EVAL-003,prd/05-features/F04-atomicity-draft-harness-model.md
FR-041,FR,F05,Define typed Genesis decision nodes,D010;D011,UJ-04,NFR-REL-002;NFR-TRACE-002;NFR-TRACE-004;NFR-UX-002;NFR-OBS-002,prd/05-features/F05-dependency-driven-genesis.md
FR-042,FR,F05,Unlock only dependency-ready decisions,D010;D019,UJ-04;UJ-09,NFR-REL-002;NFR-TRACE-002;NFR-TRACE-004;NFR-UX-002;NFR-OBS-002,prd/05-features/F05-dependency-driven-genesis.md
FR-043,FR,F05,Ask one primary constitutional question per turn,D010,UJ-04,NFR-REL-002;NFR-TRACE-002;NFR-TRACE-004;NFR-UX-002;NFR-OBS-002,prd/05-features/F05-dependency-driven-genesis.md
FR-044,FR,F05,Present an evidence-backed recommendation,D002;D010,UJ-04,NFR-REL-002;NFR-TRACE-002;NFR-TRACE-004;NFR-UX-002;NFR-OBS-002,prd/05-features/F05-dependency-driven-genesis.md
FR-045,FR,F05,Record human answer and final decision separately,D002;D010,UJ-04,NFR-REL-002;NFR-TRACE-002;NFR-TRACE-004;NFR-UX-002;NFR-OBS-002,prd/05-features/F05-dependency-driven-genesis.md
FR-046,FR,F05,Update the Harness IR transactionally,D010;D011,UJ-04,NFR-REL-002;NFR-TRACE-002;NFR-TRACE-004;NFR-UX-002;NFR-OBS-002,prd/05-features/F05-dependency-driven-genesis.md
FR-047,FR,F05,Reopen affected decisions on contradiction,D010;D026,UJ-04;UJ-09,NFR-REL-002;NFR-TRACE-002;NFR-TRACE-004;NFR-UX-002;NFR-OBS-002,prd/05-features/F05-dependency-driven-genesis.md
FR-048,FR,F05,Support provisional autonomous drafting with ratification,D002;D010;D027,UJ-04,NFR-REL-002;NFR-TRACE-002;NFR-TRACE-004;NFR-UX-002;NFR-OBS-002,prd/05-features/F05-dependency-driven-genesis.md
FR-049,FR,F05,Define a cascade-locked terminal state,D010;D027,UJ-04,NFR-REL-002;NFR-TRACE-002;NFR-TRACE-004;NFR-UX-002;NFR-OBS-002,prd/05-features/F05-dependency-driven-genesis.md
FR-050,FR,F05,Persist complete decision receipts and resumable memory,D010;D025,UJ-04,NFR-REL-002;NFR-TRACE-002;NFR-TRACE-004;NFR-UX-002;NFR-OBS-002,prd/05-features/F05-dependency-driven-genesis.md
FR-051,FR,F06,Maintain one canonical typed Harness IR,D011,UJ-04;UJ-11,NFR-REL-001;NFR-REL-003;NFR-TRACE-001;NFR-TRACE-003;NFR-MAINT-001,prd/05-features/F06-canonical-harness-ir.md
FR-052,FR,F06,Attach provenance and authority metadata to material values,D007;D011,UJ-02;UJ-04,NFR-REL-001;NFR-REL-003;NFR-TRACE-001;NFR-TRACE-003;NFR-MAINT-001,prd/05-features/F06-canonical-harness-ir.md
FR-053,FR,F06,Version IR schemas and migrations,D011;D028,UJ-12,NFR-REL-001;NFR-REL-003;NFR-TRACE-001;NFR-TRACE-003;NFR-MAINT-001,prd/05-features/F06-canonical-harness-ir.md
FR-054,FR,F06,Compile sharded human-readable specifications,D011;D029,UJ-11,NFR-REL-001;NFR-REL-003;NFR-TRACE-001;NFR-TRACE-003;NFR-MAINT-001,prd/05-features/F06-canonical-harness-ir.md
FR-055,FR,F06,Compile OpenSpec as a governed view,D011;D028,UJ-11,NFR-REL-001;NFR-REL-003;NFR-TRACE-001;NFR-TRACE-003;NFR-MAINT-001,prd/05-features/F06-canonical-harness-ir.md
FR-056,FR,F06,Compile machine artifacts from the same IR,D011;D029,UJ-05;UJ-11,NFR-REL-001;NFR-REL-003;NFR-TRACE-001;NFR-TRACE-003;NFR-MAINT-001,prd/05-features/F06-canonical-harness-ir.md
FR-057,FR,F06,Protect generated authoritative artifacts from silent manual drift,D011;D033,UJ-11,NFR-REL-001;NFR-REL-003;NFR-TRACE-001;NFR-TRACE-003;NFR-MAINT-001,prd/05-features/F06-canonical-harness-ir.md
FR-058,FR,F06,Bind artifacts to compiler and source hashes,D011;D021;D029,UJ-08;UJ-11,NFR-REL-001;NFR-REL-003;NFR-TRACE-001;NFR-TRACE-003;NFR-MAINT-001,prd/05-features/F06-canonical-harness-ir.md
FR-059,FR,F06,Validate cross-artifact consistency and completeness,D003;D011;D027,UJ-11;UJ-12,NFR-REL-001;NFR-REL-003;NFR-TRACE-001;NFR-TRACE-003;NFR-MAINT-001,prd/05-features/F06-canonical-harness-ir.md
FR-060,FR,F07,Inventory every required capability,D012,UJ-05,NFR-ARCH-001;NFR-ARCH-002;NFR-REL-004;NFR-TEST-001;NFR-PORT-002,prd/05-features/F07-capability-module-phase-contract.md
FR-061,FR,F07,Assign an explicit capability ownership type,D012,UJ-05,NFR-ARCH-001;NFR-ARCH-002;NFR-REL-004;NFR-TEST-001;NFR-PORT-002,prd/05-features/F07-capability-module-phase-contract.md
FR-062,FR,F07,Use reliability and cost criteria for ownership,D003;D012,UJ-05,NFR-ARCH-001;NFR-ARCH-002;NFR-REL-004;NFR-TEST-001;NFR-PORT-002,prd/05-features/F07-capability-module-phase-contract.md
FR-063,FR,F07,Represent hybrid capability pipelines,D007;D012,UJ-02;UJ-05,NFR-ARCH-001;NFR-ARCH-002;NFR-REL-004;NFR-TEST-001;NFR-PORT-002,prd/05-features/F07-capability-module-phase-contract.md
FR-064,FR,F07,Compile responsibility-centered modules,D015;D033,UJ-05;UJ-11,NFR-ARCH-001;NFR-ARCH-002;NFR-REL-004;NFR-TEST-001;NFR-PORT-002,prd/05-features/F07-capability-module-phase-contract.md
FR-065,FR,F07,Declare test seams for every module,D015,UJ-11,NFR-ARCH-001;NFR-ARCH-002;NFR-REL-004;NFR-TEST-001;NFR-PORT-002,prd/05-features/F07-capability-module-phase-contract.md
FR-066,FR,F07,Compile a harness-specific Phase Graph,D013,UJ-05;UJ-06,NFR-ARCH-001;NFR-ARCH-002;NFR-REL-004;NFR-TEST-001;NFR-PORT-002,prd/05-features/F07-capability-module-phase-contract.md
FR-067,FR,F07,Represent sequential and parallel phase dependencies,D013;D025,UJ-05,NFR-ARCH-001;NFR-ARCH-002;NFR-REL-004;NFR-TEST-001;NFR-PORT-002,prd/05-features/F07-capability-module-phase-contract.md
FR-068,FR,F07,Compile a phase-specific Context Graph,D013;D020,UJ-07,NFR-ARCH-001;NFR-ARCH-002;NFR-REL-004;NFR-TEST-001;NFR-PORT-002,prd/05-features/F07-capability-module-phase-contract.md
FR-069,FR,F07,Use versioned typed phase handoff contracts,D014,UJ-05;UJ-07,NFR-ARCH-001;NFR-ARCH-002;NFR-REL-004;NFR-TEST-001;NFR-PORT-002,prd/05-features/F07-capability-module-phase-contract.md
FR-070,FR,F07,Prohibit silent downstream rewriting,D014;D026,UJ-10,NFR-ARCH-001;NFR-ARCH-002;NFR-REL-004;NFR-TEST-001;NFR-PORT-002,prd/05-features/F07-capability-module-phase-contract.md
FR-071,FR,F07,Validate ownership and dependency impact,D012;D013;D014;D026,UJ-05;UJ-10,NFR-ARCH-001;NFR-ARCH-002;NFR-REL-004;NFR-TEST-001;NFR-PORT-002,prd/05-features/F07-capability-module-phase-contract.md
FR-072,FR,F08,Maintain a versioned reference registry,D016;D019,UJ-07,NFR-PERF-002;NFR-PERF-003;NFR-TRACE-001;NFR-SEC-002;NFR-MAINT-002,prd/05-features/F08-reference-spr-context.md
FR-073,FR,F08,Support explicit loading policies,D016,UJ-07,NFR-PERF-002;NFR-PERF-003;NFR-TRACE-001;NFR-SEC-002;NFR-MAINT-002,prd/05-features/F08-reference-spr-context.md
FR-074,FR,F08,Define influence boundaries for references,D016;D021,UJ-06;UJ-08,NFR-PERF-002;NFR-PERF-003;NFR-TRACE-001;NFR-SEC-002;NFR-MAINT-002,prd/05-features/F08-reference-spr-context.md
FR-075,FR,F08,Compile progressive disclosure pointers,D016;D017;D020,UJ-07,NFR-PERF-002;NFR-PERF-003;NFR-TRACE-001;NFR-SEC-002;NFR-MAINT-002,prd/05-features/F08-reference-spr-context.md
FR-076,FR,F08,Govern SPR as phase-local creative priming,D016;D017;D030,UJ-06;UJ-07,NFR-PERF-002;NFR-PERF-003;NFR-TRACE-001;NFR-SEC-002;NFR-MAINT-002,prd/05-features/F08-reference-spr-context.md
FR-077,FR,F08,Compile a Context Budget Policy per phase,D020,UJ-07,NFR-PERF-002;NFR-PERF-003;NFR-TRACE-001;NFR-SEC-002;NFR-MAINT-002,prd/05-features/F08-reference-spr-context.md
FR-078,FR,F08,Rank context by functional necessity,D020,UJ-07,NFR-PERF-002;NFR-PERF-003;NFR-TRACE-001;NFR-SEC-002;NFR-MAINT-002,prd/05-features/F08-reference-spr-context.md
FR-079,FR,F08,Block rather than silently truncate required context,D020;D033,UJ-07;UJ-09,NFR-PERF-002;NFR-PERF-003;NFR-TRACE-001;NFR-SEC-002;NFR-MAINT-002,prd/05-features/F08-reference-spr-context.md
FR-080,FR,F08,Emit a complete context manifest,D018;D020;D025,UJ-07;UJ-09,NFR-PERF-002;NFR-PERF-003;NFR-TRACE-001;NFR-SEC-002;NFR-MAINT-002,prd/05-features/F08-reference-spr-context.md
FR-081,FR,F09,Maintain a Canonical Skill Capability Registry,D017;D021,UJ-08,NFR-EVAL-001;NFR-EVAL-002;NFR-TRACE-003;NFR-MAINT-002;NFR-PORT-001,prd/05-features/F09-canonical-skill-ecology.md
FR-082,FR,F09,Organize canonical skills by authority lane,D012;D017,UJ-05,NFR-EVAL-001;NFR-EVAL-002;NFR-TRACE-003;NFR-MAINT-002;NFR-PORT-001,prd/05-features/F09-canonical-skill-ecology.md
FR-083,FR,F09,Track skill maturity and plasticity,D021,UJ-08,NFR-EVAL-001;NFR-EVAL-002;NFR-TRACE-003;NFR-MAINT-002;NFR-PORT-001,prd/05-features/F09-canonical-skill-ecology.md
FR-084,FR,F09,Run a formal skill necessity and capability-gap test,D012;D017;D033,UJ-05;UJ-08,NFR-EVAL-001;NFR-EVAL-002;NFR-TRACE-003;NFR-MAINT-002;NFR-PORT-001,prd/05-features/F09-canonical-skill-ecology.md
FR-085,FR,F09,"Prefer reuse, adaptation, or adapter composition",D017,UJ-08,NFR-EVAL-001;NFR-EVAL-002;NFR-TRACE-003;NFR-MAINT-002;NFR-PORT-001,prd/05-features/F09-canonical-skill-ecology.md
FR-086,FR,F09,Compile a typed Skill Design Brief,D017;D019,UJ-08,NFR-EVAL-001;NFR-EVAL-002;NFR-TRACE-003;NFR-MAINT-002;NFR-PORT-001,prd/05-features/F09-canonical-skill-ecology.md
FR-087,FR,F09,Use leading words as tested behavioral anchors,D017;D021,UJ-08,NFR-EVAL-001;NFR-EVAL-002;NFR-TRACE-003;NFR-MAINT-002;NFR-PORT-001,prd/05-features/F09-canonical-skill-ecology.md
FR-088,FR,F09,Compile portable progressively disclosed skill packages,D016;D017,UJ-07;UJ-08,NFR-EVAL-001;NFR-EVAL-002;NFR-TRACE-003;NFR-MAINT-002;NFR-PORT-001,prd/05-features/F09-canonical-skill-ecology.md
FR-089,FR,F09,Bind skill packages to evaluation assets,D021,UJ-08,NFR-EVAL-001;NFR-EVAL-002;NFR-TRACE-003;NFR-MAINT-002;NFR-PORT-001,prd/05-features/F09-canonical-skill-ecology.md
FR-090,FR,F09,"Detect skill no-ops, sediment, and redundancy",D017;D021;D033,UJ-08,NFR-EVAL-001;NFR-EVAL-002;NFR-TRACE-003;NFR-MAINT-002;NFR-PORT-001,prd/05-features/F09-canonical-skill-ecology.md
FR-091,FR,F10,Represent harness-local skill adaptations,D017,UJ-07;UJ-08,NFR-REL-001;NFR-PERF-002;NFR-PERF-003;NFR-TRACE-003;NFR-PORT-002,prd/05-features/F10-skill-composition-jit-capsules.md
FR-092,FR,F10,Define Skill Composition Recipes,D017,UJ-07,NFR-REL-001;NFR-PERF-002;NFR-PERF-003;NFR-TRACE-003;NFR-PORT-002,prd/05-features/F10-skill-composition-jit-capsules.md
FR-093,FR,F10,Compile runtime binding schemas,D019,UJ-07,NFR-REL-001;NFR-PERF-002;NFR-PERF-003;NFR-TRACE-003;NFR-PORT-002,prd/05-features/F10-skill-composition-jit-capsules.md
FR-094,FR,F10,Assemble capsules through deterministic code,D018,UJ-07,NFR-REL-001;NFR-PERF-002;NFR-PERF-003;NFR-TRACE-003;NFR-PORT-002,prd/05-features/F10-skill-composition-jit-capsules.md
FR-095,FR,F10,Resolve binding dependencies before compilation,D019,UJ-07,NFR-REL-001;NFR-PERF-002;NFR-PERF-003;NFR-TRACE-003;NFR-PORT-002,prd/05-features/F10-skill-composition-jit-capsules.md
FR-096,FR,F10,Apply typed authority and precedence rules,D019,UJ-07;UJ-09,NFR-REL-001;NFR-PERF-002;NFR-PERF-003;NFR-TRACE-003;NFR-PORT-002,prd/05-features/F10-skill-composition-jit-capsules.md
FR-097,FR,F10,Enforce approved degradation policies,D019;D027,UJ-07,NFR-REL-001;NFR-PERF-002;NFR-PERF-003;NFR-TRACE-003;NFR-PORT-002,prd/05-features/F10-skill-composition-jit-capsules.md
FR-098,FR,F10,Compile Minimum Complete Context,D020,UJ-07,NFR-REL-001;NFR-PERF-002;NFR-PERF-003;NFR-TRACE-003;NFR-PORT-002,prd/05-features/F10-skill-composition-jit-capsules.md
FR-099,FR,F10,Emit a complete JIT capsule package,D018;D020,UJ-07,NFR-REL-001;NFR-PERF-002;NFR-PERF-003;NFR-TRACE-003;NFR-PORT-002,prd/05-features/F10-skill-composition-jit-capsules.md
FR-100,FR,F10,Bind exact versions and hashes,D018;D021,UJ-08,NFR-REL-001;NFR-PERF-002;NFR-PERF-003;NFR-TRACE-003;NFR-PORT-002,prd/05-features/F10-skill-composition-jit-capsules.md
FR-101,FR,F10,Treat capsules as ephemeral phase-local artifacts,D017;D020,UJ-07,NFR-REL-001;NFR-PERF-002;NFR-PERF-003;NFR-TRACE-003;NFR-PORT-002,prd/05-features/F10-skill-composition-jit-capsules.md
FR-102,FR,F10,Preserve deterministic assembly and bounded stochastic execution,D012;D018;D033,UJ-05;UJ-07,NFR-REL-001;NFR-PERF-002;NFR-PERF-003;NFR-TRACE-003;NFR-PORT-002,prd/05-features/F10-skill-composition-jit-capsules.md
FR-103,FR,F11,Evaluate every skill-system layer,D021;D026,UJ-08,NFR-EVAL-001;NFR-EVAL-002;NFR-EVAL-003;NFR-EVAL-004;NFR-TRACE-003,prd/05-features/F11-behavioral-evaluation-benchmarks.md
FR-104,FR,F11,Require a no-guidance control,D021,UJ-08,NFR-EVAL-001;NFR-EVAL-002;NFR-EVAL-003;NFR-EVAL-004;NFR-TRACE-003,prd/05-features/F11-behavioral-evaluation-benchmarks.md
FR-105,FR,F11,Run repeated fresh-context trials,D021;D024,UJ-08;UJ-12,NFR-EVAL-001;NFR-EVAL-002;NFR-EVAL-003;NFR-EVAL-004;NFR-TRACE-003,prd/05-features/F11-behavioral-evaluation-benchmarks.md
FR-106,FR,F11,"Generate positive, adversarial, missing-evidence, and pressure cases",D021;D023,UJ-08,NFR-EVAL-001;NFR-EVAL-002;NFR-EVAL-003;NFR-EVAL-004;NFR-TRACE-003,prd/05-features/F11-behavioral-evaluation-benchmarks.md
FR-107,FR,F11,Promote maturity only through stored receipts,D021;D027,UJ-08,NFR-EVAL-001;NFR-EVAL-002;NFR-EVAL-003;NFR-EVAL-004;NFR-TRACE-003,prd/05-features/F11-behavioral-evaluation-benchmarks.md
FR-108,FR,F11,Verify evaluated artifact identity,D021,UJ-08,NFR-EVAL-001;NFR-EVAL-002;NFR-EVAL-003;NFR-EVAL-004;NFR-TRACE-003,prd/05-features/F11-behavioral-evaluation-benchmarks.md
FR-109,FR,F11,Maintain a staged benchmark portfolio,D022;D032,UJ-12,NFR-EVAL-001;NFR-EVAL-002;NFR-EVAL-003;NFR-EVAL-004;NFR-TRACE-003,prd/05-features/F11-behavioral-evaluation-benchmarks.md
FR-110,FR,F11,Maintain a layered versioned benchmark corpus,D023,UJ-12,NFR-EVAL-001;NFR-EVAL-002;NFR-EVAL-003;NFR-EVAL-004;NFR-TRACE-003,prd/05-features/F11-behavioral-evaluation-benchmarks.md
FR-111,FR,F11,Generate controlled mutation tests,D023,UJ-02;UJ-03;UJ-12,NFR-EVAL-001;NFR-EVAL-002;NFR-EVAL-003;NFR-EVAL-004;NFR-TRACE-003,prd/05-features/F11-behavioral-evaluation-benchmarks.md
FR-112,FR,F11,Protect release-gate benchmark integrity,D023;D024,UJ-12,NFR-EVAL-001;NFR-EVAL-002;NFR-EVAL-003;NFR-EVAL-004;NFR-TRACE-003,prd/05-features/F11-behavioral-evaluation-benchmarks.md
FR-113,FR,F11,Score independent quality dimensions,D024,UJ-12,NFR-EVAL-001;NFR-EVAL-002;NFR-EVAL-003;NFR-EVAL-004;NFR-TRACE-003,prd/05-features/F11-behavioral-evaluation-benchmarks.md
FR-114,FR,F11,Enforce hard release gates,D024;D033,UJ-12,NFR-EVAL-001;NFR-EVAL-002;NFR-EVAL-003;NFR-EVAL-004;NFR-TRACE-003,prd/05-features/F11-behavioral-evaluation-benchmarks.md
FR-115,FR,F11,Report repeated-run stability,D024,UJ-12,NFR-EVAL-001;NFR-EVAL-002;NFR-EVAL-003;NFR-EVAL-004;NFR-TRACE-003,prd/05-features/F11-behavioral-evaluation-benchmarks.md
FR-116,FR,F11,Ingest downstream implementation and harness results,D003;D022;D028,UJ-11;UJ-12,NFR-EVAL-001;NFR-EVAL-002;NFR-EVAL-003;NFR-EVAL-004;NFR-TRACE-003,prd/05-features/F11-behavioral-evaluation-benchmarks.md
FR-117,FR,F12,Show a run overview,D025,UJ-01;UJ-09,NFR-OBS-001;NFR-OBS-002;NFR-OBS-003;NFR-UX-001;NFR-UX-002,prd/05-features/F12-harness-control-tower.md
FR-118,FR,F12,Render the Phase and Context Graphs,D013;D025,UJ-09,NFR-OBS-001;NFR-OBS-002;NFR-OBS-003;NFR-UX-001;NFR-UX-002,prd/05-features/F12-harness-control-tower.md
FR-119,FR,F12,Expose evidence and visual understanding,D007;D025,UJ-02;UJ-09,NFR-OBS-001;NFR-OBS-002;NFR-OBS-003;NFR-UX-001;NFR-UX-002,prd/05-features/F12-harness-control-tower.md
FR-120,FR,F12,Expose Genesis decisions and authority,D010;D025,UJ-04;UJ-09,NFR-OBS-001;NFR-OBS-002;NFR-OBS-003;NFR-UX-001;NFR-UX-002,prd/05-features/F12-harness-control-tower.md
FR-121,FR,F12,"Expose skills, recipes, and capsules",D017;D018;D021;D025,UJ-08;UJ-09,NFR-OBS-001;NFR-OBS-002;NFR-OBS-003;NFR-UX-001;NFR-UX-002,prd/05-features/F12-harness-control-tower.md
FR-122,FR,F12,Expose contracts and module ownership,D014;D015;D025,UJ-05;UJ-09,NFR-OBS-001;NFR-OBS-002;NFR-OBS-003;NFR-UX-001;NFR-UX-002,prd/05-features/F12-harness-control-tower.md
FR-123,FR,F12,Expose evaluations and repair history,D024;D025;D026,UJ-09;UJ-10,NFR-OBS-001;NFR-OBS-002;NFR-OBS-003;NFR-UX-001;NFR-UX-002,prd/05-features/F12-harness-control-tower.md
FR-124,FR,F12,"Track cost, latency, and context usage",D020;D024;D025,UJ-07;UJ-12,NFR-OBS-001;NFR-OBS-002;NFR-OBS-003;NFR-UX-001;NFR-UX-002,prd/05-features/F12-harness-control-tower.md
FR-125,FR,F12,Provide governed human actions,D002;D025;D027,UJ-09,NFR-OBS-001;NFR-OBS-002;NFR-OBS-003;NFR-UX-001;NFR-UX-002,prd/05-features/F12-harness-control-tower.md
FR-126,FR,F12,Prevent the UI from becoming a second source of truth,D011;D025;D033,UJ-09,NFR-OBS-001;NFR-OBS-002;NFR-OBS-003;NFR-UX-001;NFR-UX-002,prd/05-features/F12-harness-control-tower.md
FR-127,FR,F13,Define a typed failure taxonomy,D026,UJ-09;UJ-10,NFR-REL-004;NFR-TRACE-003;NFR-EVAL-003;NFR-OBS-002;NFR-SEC-001,prd/05-features/F13-repair-readiness-authorization.md
FR-128,FR,F13,Require root-cause investigation before repair,D026,UJ-10,NFR-REL-004;NFR-TRACE-003;NFR-EVAL-003;NFR-OBS-002;NFR-SEC-001,prd/05-features/F13-repair-readiness-authorization.md
FR-129,FR,F13,Compile a Repair and Invalidation Graph,D026,UJ-10,NFR-REL-004;NFR-TRACE-003;NFR-EVAL-003;NFR-OBS-002;NFR-SEC-001,prd/05-features/F13-repair-readiness-authorization.md
FR-130,FR,F13,Preserve unaffected upstream state,D026;D033,UJ-10,NFR-REL-004;NFR-TRACE-003;NFR-EVAL-003;NFR-OBS-002;NFR-SEC-001,prd/05-features/F13-repair-readiness-authorization.md
FR-131,FR,F13,Rerun targeted regression suites,D021;D026,UJ-10,NFR-REL-004;NFR-TRACE-003;NFR-EVAL-003;NFR-OBS-002;NFR-SEC-001,prd/05-features/F13-repair-readiness-authorization.md
FR-132,FR,F13,Escalate repeated or constitutional failures,D002;D026,UJ-09;UJ-10,NFR-REL-004;NFR-TRACE-003;NFR-EVAL-003;NFR-OBS-002;NFR-SEC-001,prd/05-features/F13-repair-readiness-authorization.md
FR-133,FR,F13,Evaluate an evidence-backed readiness gate,D003;D027,UJ-11,NFR-REL-004;NFR-TRACE-003;NFR-EVAL-003;NFR-OBS-002;NFR-SEC-001,prd/05-features/F13-repair-readiness-authorization.md
FR-134,FR,F13,Issue typed authorization outcomes,D027,UJ-11,NFR-REL-004;NFR-TRACE-003;NFR-EVAL-003;NFR-OBS-002;NFR-SEC-001,prd/05-features/F13-repair-readiness-authorization.md
FR-135,FR,F13,Govern prototype-only authorization,D027;D032,UJ-11;UJ-12,NFR-REL-004;NFR-TRACE-003;NFR-EVAL-003;NFR-OBS-002;NFR-SEC-001,prd/05-features/F13-repair-readiness-authorization.md
FR-136,FR,F13,Generate immutable readiness and authorization receipts,D021;D027;D029,UJ-11,NFR-REL-004;NFR-TRACE-003;NFR-EVAL-003;NFR-OBS-002;NFR-SEC-001,prd/05-features/F13-repair-readiness-authorization.md
FR-137,FR,F14,Define a constitution-complete Shared Activative Core,D030,UJ-06,NFR-CAT-001;NFR-CAT-002;NFR-CAT-003;NFR-EVAL-004;NFR-PORT-002,prd/05-features/F14-format-categories-sequencing.md
FR-138,FR,F14,Insert a mandatory category layer,D030;D031,UJ-06,NFR-CAT-001;NFR-CAT-002;NFR-CAT-003;NFR-EVAL-004;NFR-PORT-002,prd/05-features/F14-format-categories-sequencing.md
FR-139,FR,F14,Support five canonical categories,D031,UJ-06,NFR-CAT-001;NFR-CAT-002;NFR-CAT-003;NFR-EVAL-004;NFR-PORT-002,prd/05-features/F14-format-categories-sequencing.md
FR-140,FR,F14,Govern versioned category constitutions,D031,UJ-06;UJ-12,NFR-CAT-001;NFR-CAT-002;NFR-CAT-003;NFR-EVAL-004;NFR-PORT-002,prd/05-features/F14-format-categories-sequencing.md
FR-141,FR,F14,Support category-local format profiles,D030;D031,UJ-06,NFR-CAT-001;NFR-CAT-002;NFR-CAT-003;NFR-EVAL-004;NFR-PORT-002,prd/05-features/F14-format-categories-sequencing.md
FR-142,FR,F14,Represent the edited-video format mapping,D030;D031,UJ-06,NFR-CAT-001;NFR-CAT-002;NFR-CAT-003;NFR-EVAL-004;NFR-PORT-002,prd/05-features/F14-format-categories-sequencing.md
FR-143,FR,F14,Represent Format 02 under 2D Character Animation,D030;D031,UJ-06,NFR-CAT-001;NFR-CAT-002;NFR-CAT-003;NFR-EVAL-004;NFR-PORT-002,prd/05-features/F14-format-categories-sequencing.md
FR-144,FR,F14,Compile 2D character-performance registries,D030;D031,UJ-06,NFR-CAT-001;NFR-CAT-002;NFR-CAT-003;NFR-EVAL-004;NFR-PORT-002,prd/05-features/F14-format-categories-sequencing.md
FR-145,FR,F14,Use category-specific syntax parsing,D007;D030;D031,UJ-02;UJ-06,NFR-CAT-001;NFR-CAT-002;NFR-CAT-003;NFR-EVAL-004;NFR-PORT-002,prd/05-features/F14-format-categories-sequencing.md
FR-146,FR,F14,"Use category-specific temporal, conversational, and sequence parsing",D030;D031,UJ-02;UJ-06,NFR-CAT-001;NFR-CAT-002;NFR-CAT-003;NFR-EVAL-004;NFR-PORT-002,prd/05-features/F14-format-categories-sequencing.md
FR-147,FR,F14,Compile category-adapted Activative Sequencing Intelligence,D030,UJ-06,NFR-CAT-001;NFR-CAT-002;NFR-CAT-003;NFR-EVAL-004;NFR-PORT-002,prd/05-features/F14-format-categories-sequencing.md
FR-148,FR,F14,"Compile category-owned runtime, evaluation, and repair rules",D031,UJ-06;UJ-10,NFR-CAT-001;NFR-CAT-002;NFR-CAT-003;NFR-EVAL-004;NFR-PORT-002,prd/05-features/F14-format-categories-sequencing.md
FR-149,FR,F14,Preserve atomic creative ownership,D008;D030;D033,UJ-03;UJ-06,NFR-CAT-001;NFR-CAT-002;NFR-CAT-003;NFR-EVAL-004;NFR-PORT-002,prd/05-features/F14-format-categories-sequencing.md
FR-150,FR,F14,Govern category and profile migration,D031,UJ-06;UJ-12,NFR-CAT-001;NFR-CAT-002;NFR-CAT-003;NFR-EVAL-004;NFR-PORT-002,prd/05-features/F14-format-categories-sequencing.md
FR-151,FR,F15,Generate a versioned Development Capsule,D029,UJ-11,NFR-TRACE-001;NFR-TRACE-003;NFR-TEST-001;NFR-PORT-001;NFR-MAINT-001,prd/05-features/F15-development-capsule-handoff.md
FR-152,FR,F15,Maintain requirement-to-artifact traceability,D011;D029,UJ-11,NFR-TRACE-001;NFR-TRACE-003;NFR-TEST-001;NFR-PORT-001;NFR-MAINT-001,prd/05-features/F15-development-capsule-handoff.md
FR-153,FR,F15,Generate only justified scaffolding,D001;D015;D029;D033,UJ-11,NFR-TRACE-001;NFR-TRACE-003;NFR-TEST-001;NFR-PORT-001;NFR-MAINT-001,prd/05-features/F15-development-capsule-handoff.md
FR-154,FR,F15,Provide typed interfaces and contract examples,D014;D029,UJ-11,NFR-TRACE-001;NFR-TRACE-003;NFR-TEST-001;NFR-PORT-001;NFR-MAINT-001,prd/05-features/F15-development-capsule-handoff.md
FR-155,FR,F15,Provide executable test and benchmark fixtures,D021;D023;D029,UJ-11,NFR-TRACE-001;NFR-TRACE-003;NFR-TEST-001;NFR-PORT-001;NFR-MAINT-001,prd/05-features/F15-development-capsule-handoff.md
FR-156,FR,F15,Generate dependency-ordered vertical stories,D029;D032,UJ-11,NFR-TRACE-001;NFR-TRACE-003;NFR-TEST-001;NFR-PORT-001;NFR-MAINT-001,prd/05-features/F15-development-capsule-handoff.md
FR-157,FR,F15,Define a first working vertical-slice plan,D022;D032,UJ-11;UJ-12,NFR-TRACE-001;NFR-TRACE-003;NFR-TEST-001;NFR-PORT-001;NFR-MAINT-001,prd/05-features/F15-development-capsule-handoff.md
FR-158,FR,F15,Govern implementation-discovered deltas,D010;D026;D029,UJ-11,NFR-TRACE-001;NFR-TRACE-003;NFR-TEST-001;NFR-PORT-001;NFR-MAINT-001,prd/05-features/F15-development-capsule-handoff.md
FR-159,FR,F15,Ingest implementation and certification feedback,D003;D022;D028;D029,UJ-11;UJ-12,NFR-TRACE-001;NFR-TRACE-003;NFR-TEST-001;NFR-PORT-001;NFR-MAINT-001,prd/05-features/F15-development-capsule-handoff.md
FR-160,FR,F16,Inventory V2.1 capabilities and artifacts,D028,UJ-12,NFR-COMPAT-001;NFR-COMPAT-002;NFR-REL-001;NFR-EVAL-003;NFR-TRACE-002,prd/05-features/F16-v2-migration-release.md
FR-161,FR,F16,Map V2.1 concepts into the next architecture,D028,UJ-12,NFR-COMPAT-001;NFR-COMPAT-002;NFR-REL-001;NFR-EVAL-003;NFR-TRACE-002,prd/05-features/F16-v2-migration-release.md
FR-162,FR,F16,Support baseline and candidate dual compilation,D022;D028,UJ-12,NFR-COMPAT-001;NFR-COMPAT-002;NFR-REL-001;NFR-EVAL-003;NFR-TRACE-002,prd/05-features/F16-v2-migration-release.md
FR-163,FR,F16,"Require evidence for retention, adaptation, or deprecation",D028,UJ-12,NFR-COMPAT-001;NFR-COMPAT-002;NFR-REL-001;NFR-EVAL-003;NFR-TRACE-002,prd/05-features/F16-v2-migration-release.md
FR-164,FR,F16,Run regression suites at every migration increment,D021;D028,UJ-12,NFR-COMPAT-001;NFR-COMPAT-002;NFR-REL-001;NFR-EVAL-003;NFR-TRACE-002,prd/05-features/F16-v2-migration-release.md
FR-165,FR,F16,Define compatibility and alias policy,D028,UJ-11;UJ-12,NFR-COMPAT-001;NFR-COMPAT-002;NFR-REL-001;NFR-EVAL-003;NFR-TRACE-002,prd/05-features/F16-v2-migration-release.md
FR-166,FR,F16,Generate migration and deprecation receipts,D025;D028,UJ-09;UJ-12,NFR-COMPAT-001;NFR-COMPAT-002;NFR-REL-001;NFR-EVAL-003;NFR-TRACE-002,prd/05-features/F16-v2-migration-release.md
FR-167,FR,F16,Prove Release 1 through one complete reference path,D003;D022;D032,UJ-11;UJ-12,NFR-COMPAT-001;NFR-COMPAT-002;NFR-REL-001;NFR-EVAL-003;NFR-TRACE-002,prd/05-features/F16-v2-migration-release.md
FR-168,FR,F16,Limit certification of unproven categories and targets,D004;D032;D033,UJ-12,NFR-COMPAT-001;NFR-COMPAT-002;NFR-REL-001;NFR-EVAL-003;NFR-TRACE-002,prd/05-features/F16-v2-migration-release.md
FR-169,FR,F16,Require portfolio evidence for general Builder certification,D022;D032;D033,UJ-12,NFR-COMPAT-001;NFR-COMPAT-002;NFR-REL-001;NFR-EVAL-003;NFR-TRACE-002,prd/05-features/F16-v2-migration-release.md
FR-170,FR,F17,Maintain three versioned target profiles,D004;D006,UJ-01,NFR-ARCH-001;NFR-CAT-001;NFR-COMPAT-001;NFR-SEC-003;NFR-PORT-002,prd/05-features/F17-three-compilation-targets.md
FR-171,FR,F17,Compile the Atomic Content Harness profile,D004;D030;D031,UJ-02;UJ-06,NFR-ARCH-001;NFR-CAT-001;NFR-COMPAT-001;NFR-SEC-003;NFR-PORT-002,prd/05-features/F17-three-compilation-targets.md
FR-172,FR,F17,Compile the Visual Asset Editor profile,D004,UJ-11;UJ-12,NFR-ARCH-001;NFR-CAT-001;NFR-COMPAT-001;NFR-SEC-003;NFR-PORT-002,prd/05-features/F17-three-compilation-targets.md
FR-173,FR,F17,Compile the Delegation Contract profile,D004,UJ-11;UJ-12,NFR-ARCH-001;NFR-CAT-001;NFR-COMPAT-001;NFR-SEC-003;NFR-PORT-002,prd/05-features/F17-three-compilation-targets.md
FR-174,FR,F17,Use target-specific source profiles,D005,UJ-01,NFR-ARCH-001;NFR-CAT-001;NFR-COMPAT-001;NFR-SEC-003;NFR-PORT-002,prd/05-features/F17-three-compilation-targets.md
FR-175,FR,F17,Use target-specific Harness IR profiles,D011,UJ-05,NFR-ARCH-001;NFR-CAT-001;NFR-COMPAT-001;NFR-SEC-003;NFR-PORT-002,prd/05-features/F17-three-compilation-targets.md
FR-176,FR,F17,Use target-specific Genesis decision graphs,D006;D010,UJ-04,NFR-ARCH-001;NFR-CAT-001;NFR-COMPAT-001;NFR-SEC-003;NFR-PORT-002,prd/05-features/F17-three-compilation-targets.md
FR-177,FR,F17,Compile target-specific artifact sets,D029,UJ-11,NFR-ARCH-001;NFR-CAT-001;NFR-COMPAT-001;NFR-SEC-003;NFR-PORT-002,prd/05-features/F17-three-compilation-targets.md
FR-178,FR,F17,Apply target-specific evaluation and authorization gates,D021;D024;D027,UJ-12,NFR-ARCH-001;NFR-CAT-001;NFR-COMPAT-001;NFR-SEC-003;NFR-PORT-002,prd/05-features/F17-three-compilation-targets.md
FR-179,FR,F17,Prevent universal-profile flattening,D004;D033,UJ-05,NFR-ARCH-001;NFR-CAT-001;NFR-COMPAT-001;NFR-SEC-003;NFR-PORT-002,prd/05-features/F17-three-compilation-targets.md
FR-180,FR,F17,Validate cross-target compatibility,D004;D014;D026,UJ-10;UJ-11,NFR-ARCH-001;NFR-CAT-001;NFR-COMPAT-001;NFR-SEC-003;NFR-PORT-002,prd/05-features/F17-three-compilation-targets.md
FR-181,FR,F18,Define the canonical Builder Workflow IR,D006;D011;D013;D014,UJ-13,NFR-REL-001;NFR-REL-002;NFR-REL-003;NFR-REL-004;NFR-PERF-002;NFR-PERF-003;NFR-PERF-004;NFR-TRACE-001;NFR-TRACE-002;NFR-TRACE-003;NFR-OBS-001;NFR-OBS-002;NFR-OBS-004;NFR-SEC-003;NFR-SEC-004;NFR-COMPAT-002;NFR-PORT-002;NFR-ARCH-001;NFR-ARCH-002;NFR-TEST-001;NFR-WORKFLOW-001;NFR-WORKFLOW-002;NFR-WORKFLOW-003;NFR-WORKFLOW-004;NFR-WORKFLOW-005;NFR-WORKFLOW-006;NFR-WORKFLOW-007;NFR-WORKFLOW-008;NFR-WORKFLOW-009;NFR-WORKFLOW-010;NFR-WORKFLOW-011;NFR-WORKFLOW-012,prd/05-features/F18-builder-workflow-runtime.md
FR-182,FR,F18,Assign one explicit actor model to every node,D002;D012;D015,UJ-05;UJ-13,NFR-REL-001;NFR-REL-002;NFR-REL-003;NFR-REL-004;NFR-PERF-002;NFR-PERF-003;NFR-PERF-004;NFR-TRACE-001;NFR-TRACE-002;NFR-TRACE-003;NFR-OBS-001;NFR-OBS-002;NFR-OBS-004;NFR-SEC-003;NFR-SEC-004;NFR-COMPAT-002;NFR-PORT-002;NFR-ARCH-001;NFR-ARCH-002;NFR-TEST-001;NFR-WORKFLOW-001;NFR-WORKFLOW-002;NFR-WORKFLOW-003;NFR-WORKFLOW-004;NFR-WORKFLOW-005;NFR-WORKFLOW-006;NFR-WORKFLOW-007;NFR-WORKFLOW-008;NFR-WORKFLOW-009;NFR-WORKFLOW-010;NFR-WORKFLOW-011;NFR-WORKFLOW-012,prd/05-features/F18-builder-workflow-runtime.md
FR-183,FR,F18,"Model typed nodes, conditions, and feedback edges",D006;D013;D014;D026,UJ-10;UJ-13,NFR-REL-001;NFR-REL-002;NFR-REL-003;NFR-REL-004;NFR-PERF-002;NFR-PERF-003;NFR-PERF-004;NFR-TRACE-001;NFR-TRACE-002;NFR-TRACE-003;NFR-OBS-001;NFR-OBS-002;NFR-OBS-004;NFR-SEC-003;NFR-SEC-004;NFR-COMPAT-002;NFR-PORT-002;NFR-ARCH-001;NFR-ARCH-002;NFR-TEST-001;NFR-WORKFLOW-001;NFR-WORKFLOW-002;NFR-WORKFLOW-003;NFR-WORKFLOW-004;NFR-WORKFLOW-005;NFR-WORKFLOW-006;NFR-WORKFLOW-007;NFR-WORKFLOW-008;NFR-WORKFLOW-009;NFR-WORKFLOW-010;NFR-WORKFLOW-011;NFR-WORKFLOW-012,prd/05-features/F18-builder-workflow-runtime.md
FR-184,FR,F18,Compile workflows from approved product graphs,D006;D011;D012;D013;D014;D019;D026;D027,UJ-13,NFR-REL-001;NFR-REL-002;NFR-REL-003;NFR-REL-004;NFR-PERF-002;NFR-PERF-003;NFR-PERF-004;NFR-TRACE-001;NFR-TRACE-002;NFR-TRACE-003;NFR-OBS-001;NFR-OBS-002;NFR-OBS-004;NFR-SEC-003;NFR-SEC-004;NFR-COMPAT-002;NFR-PORT-002;NFR-ARCH-001;NFR-ARCH-002;NFR-TEST-001;NFR-WORKFLOW-001;NFR-WORKFLOW-002;NFR-WORKFLOW-003;NFR-WORKFLOW-004;NFR-WORKFLOW-005;NFR-WORKFLOW-006;NFR-WORKFLOW-007;NFR-WORKFLOW-008;NFR-WORKFLOW-009;NFR-WORKFLOW-010;NFR-WORKFLOW-011;NFR-WORKFLOW-012,prd/05-features/F18-builder-workflow-runtime.md
FR-185,FR,F18,Maintain a versioned Workflow Profile Registry,D006;D021;D022;D028;D032,UJ-12;UJ-13;UJ-14,NFR-REL-001;NFR-REL-002;NFR-REL-003;NFR-REL-004;NFR-PERF-002;NFR-PERF-003;NFR-PERF-004;NFR-TRACE-001;NFR-TRACE-002;NFR-TRACE-003;NFR-OBS-001;NFR-OBS-002;NFR-OBS-004;NFR-SEC-003;NFR-SEC-004;NFR-COMPAT-002;NFR-PORT-002;NFR-ARCH-001;NFR-ARCH-002;NFR-TEST-001;NFR-WORKFLOW-001;NFR-WORKFLOW-002;NFR-WORKFLOW-003;NFR-WORKFLOW-004;NFR-WORKFLOW-005;NFR-WORKFLOW-006;NFR-WORKFLOW-007;NFR-WORKFLOW-008;NFR-WORKFLOW-009;NFR-WORKFLOW-010;NFR-WORKFLOW-011;NFR-WORKFLOW-012,prd/05-features/F18-builder-workflow-runtime.md
FR-186,FR,F18,Route requests through an explicit Workflow Router,D002;D006;D012;D019;D025,UJ-09;UJ-13;UJ-14,NFR-REL-001;NFR-REL-002;NFR-REL-003;NFR-REL-004;NFR-PERF-002;NFR-PERF-003;NFR-PERF-004;NFR-TRACE-001;NFR-TRACE-002;NFR-TRACE-003;NFR-OBS-001;NFR-OBS-002;NFR-OBS-004;NFR-SEC-003;NFR-SEC-004;NFR-COMPAT-002;NFR-PORT-002;NFR-ARCH-001;NFR-ARCH-002;NFR-TEST-001;NFR-WORKFLOW-001;NFR-WORKFLOW-002;NFR-WORKFLOW-003;NFR-WORKFLOW-004;NFR-WORKFLOW-005;NFR-WORKFLOW-006;NFR-WORKFLOW-007;NFR-WORKFLOW-008;NFR-WORKFLOW-009;NFR-WORKFLOW-010;NFR-WORKFLOW-011;NFR-WORKFLOW-012,prd/05-features/F18-builder-workflow-runtime.md
FR-187,FR,F18,Require a manual shadow workflow before production automation,D003;D022;D028;D032,UJ-12;UJ-13,NFR-REL-001;NFR-REL-002;NFR-REL-003;NFR-REL-004;NFR-PERF-002;NFR-PERF-003;NFR-PERF-004;NFR-TRACE-001;NFR-TRACE-002;NFR-TRACE-003;NFR-OBS-001;NFR-OBS-002;NFR-OBS-004;NFR-SEC-003;NFR-SEC-004;NFR-COMPAT-002;NFR-PORT-002;NFR-ARCH-001;NFR-ARCH-002;NFR-TEST-001;NFR-WORKFLOW-001;NFR-WORKFLOW-002;NFR-WORKFLOW-003;NFR-WORKFLOW-004;NFR-WORKFLOW-005;NFR-WORKFLOW-006;NFR-WORKFLOW-007;NFR-WORKFLOW-008;NFR-WORKFLOW-009;NFR-WORKFLOW-010;NFR-WORKFLOW-011;NFR-WORKFLOW-012,prd/05-features/F18-builder-workflow-runtime.md
FR-188,FR,F18,Separate deterministic code execution from agent execution,D012;D014;D015;D018;D033,UJ-05;UJ-13,NFR-REL-001;NFR-REL-002;NFR-REL-003;NFR-REL-004;NFR-PERF-002;NFR-PERF-003;NFR-PERF-004;NFR-TRACE-001;NFR-TRACE-002;NFR-TRACE-003;NFR-OBS-001;NFR-OBS-002;NFR-OBS-004;NFR-SEC-003;NFR-SEC-004;NFR-COMPAT-002;NFR-PORT-002;NFR-ARCH-001;NFR-ARCH-002;NFR-TEST-001;NFR-WORKFLOW-001;NFR-WORKFLOW-002;NFR-WORKFLOW-003;NFR-WORKFLOW-004;NFR-WORKFLOW-005;NFR-WORKFLOW-006;NFR-WORKFLOW-007;NFR-WORKFLOW-008;NFR-WORKFLOW-009;NFR-WORKFLOW-010;NFR-WORKFLOW-011;NFR-WORKFLOW-012,prd/05-features/F18-builder-workflow-runtime.md
FR-189,FR,F18,Execute agent nodes through evaluated phase-local capsules,D013;D017;D018;D019;D020;D021,UJ-07;UJ-13,NFR-REL-001;NFR-REL-002;NFR-REL-003;NFR-REL-004;NFR-PERF-002;NFR-PERF-003;NFR-PERF-004;NFR-TRACE-001;NFR-TRACE-002;NFR-TRACE-003;NFR-OBS-001;NFR-OBS-002;NFR-OBS-004;NFR-SEC-003;NFR-SEC-004;NFR-COMPAT-002;NFR-PORT-002;NFR-ARCH-001;NFR-ARCH-002;NFR-TEST-001;NFR-WORKFLOW-001;NFR-WORKFLOW-002;NFR-WORKFLOW-003;NFR-WORKFLOW-004;NFR-WORKFLOW-005;NFR-WORKFLOW-006;NFR-WORKFLOW-007;NFR-WORKFLOW-008;NFR-WORKFLOW-009;NFR-WORKFLOW-010;NFR-WORKFLOW-011;NFR-WORKFLOW-012,prd/05-features/F18-builder-workflow-runtime.md
FR-190,FR,F18,Validate every node before releasing its outputs,D003;D014;D021;D024;D027,UJ-09;UJ-13,NFR-REL-001;NFR-REL-002;NFR-REL-003;NFR-REL-004;NFR-PERF-002;NFR-PERF-003;NFR-PERF-004;NFR-TRACE-001;NFR-TRACE-002;NFR-TRACE-003;NFR-OBS-001;NFR-OBS-002;NFR-OBS-004;NFR-SEC-003;NFR-SEC-004;NFR-COMPAT-002;NFR-PORT-002;NFR-ARCH-001;NFR-ARCH-002;NFR-TEST-001;NFR-WORKFLOW-001;NFR-WORKFLOW-002;NFR-WORKFLOW-003;NFR-WORKFLOW-004;NFR-WORKFLOW-005;NFR-WORKFLOW-006;NFR-WORKFLOW-007;NFR-WORKFLOW-008;NFR-WORKFLOW-009;NFR-WORKFLOW-010;NFR-WORKFLOW-011;NFR-WORKFLOW-012,prd/05-features/F18-builder-workflow-runtime.md
FR-191,FR,F18,Return structured failure context only to the responsible node,D014;D020;D026,UJ-10;UJ-14,NFR-REL-001;NFR-REL-002;NFR-REL-003;NFR-REL-004;NFR-PERF-002;NFR-PERF-003;NFR-PERF-004;NFR-TRACE-001;NFR-TRACE-002;NFR-TRACE-003;NFR-OBS-001;NFR-OBS-002;NFR-OBS-004;NFR-SEC-003;NFR-SEC-004;NFR-COMPAT-002;NFR-PORT-002;NFR-ARCH-001;NFR-ARCH-002;NFR-TEST-001;NFR-WORKFLOW-001;NFR-WORKFLOW-002;NFR-WORKFLOW-003;NFR-WORKFLOW-004;NFR-WORKFLOW-005;NFR-WORKFLOW-006;NFR-WORKFLOW-007;NFR-WORKFLOW-008;NFR-WORKFLOW-009;NFR-WORKFLOW-010;NFR-WORKFLOW-011;NFR-WORKFLOW-012,prd/05-features/F18-builder-workflow-runtime.md
FR-192,FR,F18,Require root-cause investigation before workflow repair,D024;D026;D033,UJ-10;UJ-14,NFR-REL-001;NFR-REL-002;NFR-REL-003;NFR-REL-004;NFR-PERF-002;NFR-PERF-003;NFR-PERF-004;NFR-TRACE-001;NFR-TRACE-002;NFR-TRACE-003;NFR-OBS-001;NFR-OBS-002;NFR-OBS-004;NFR-SEC-003;NFR-SEC-004;NFR-COMPAT-002;NFR-PORT-002;NFR-ARCH-001;NFR-ARCH-002;NFR-TEST-001;NFR-WORKFLOW-001;NFR-WORKFLOW-002;NFR-WORKFLOW-003;NFR-WORKFLOW-004;NFR-WORKFLOW-005;NFR-WORKFLOW-006;NFR-WORKFLOW-007;NFR-WORKFLOW-008;NFR-WORKFLOW-009;NFR-WORKFLOW-010;NFR-WORKFLOW-011;NFR-WORKFLOW-012,prd/05-features/F18-builder-workflow-runtime.md
FR-193,FR,F18,"Enforce bounded retries, timeouts, and circuit breakers",D006;D019;D024;D026;D033,UJ-09;UJ-14,NFR-REL-001;NFR-REL-002;NFR-REL-003;NFR-REL-004;NFR-PERF-002;NFR-PERF-003;NFR-PERF-004;NFR-TRACE-001;NFR-TRACE-002;NFR-TRACE-003;NFR-OBS-001;NFR-OBS-002;NFR-OBS-004;NFR-SEC-003;NFR-SEC-004;NFR-COMPAT-002;NFR-PORT-002;NFR-ARCH-001;NFR-ARCH-002;NFR-TEST-001;NFR-WORKFLOW-001;NFR-WORKFLOW-002;NFR-WORKFLOW-003;NFR-WORKFLOW-004;NFR-WORKFLOW-005;NFR-WORKFLOW-006;NFR-WORKFLOW-007;NFR-WORKFLOW-008;NFR-WORKFLOW-009;NFR-WORKFLOW-010;NFR-WORKFLOW-011;NFR-WORKFLOW-012,prd/05-features/F18-builder-workflow-runtime.md
FR-194,FR,F18,Support idempotent checkpoints and resume,D006;D011;D019;D025;D026,UJ-04;UJ-13,NFR-REL-001;NFR-REL-002;NFR-REL-003;NFR-REL-004;NFR-PERF-002;NFR-PERF-003;NFR-PERF-004;NFR-TRACE-001;NFR-TRACE-002;NFR-TRACE-003;NFR-OBS-001;NFR-OBS-002;NFR-OBS-004;NFR-SEC-003;NFR-SEC-004;NFR-COMPAT-002;NFR-PORT-002;NFR-ARCH-001;NFR-ARCH-002;NFR-TEST-001;NFR-WORKFLOW-001;NFR-WORKFLOW-002;NFR-WORKFLOW-003;NFR-WORKFLOW-004;NFR-WORKFLOW-005;NFR-WORKFLOW-006;NFR-WORKFLOW-007;NFR-WORKFLOW-008;NFR-WORKFLOW-009;NFR-WORKFLOW-010;NFR-WORKFLOW-011;NFR-WORKFLOW-012,prd/05-features/F18-builder-workflow-runtime.md
FR-195,FR,F18,Isolate workflow nodes and implementation tasks,D012;D015;D025;D029,UJ-11;UJ-13,NFR-REL-001;NFR-REL-002;NFR-REL-003;NFR-REL-004;NFR-PERF-002;NFR-PERF-003;NFR-PERF-004;NFR-TRACE-001;NFR-TRACE-002;NFR-TRACE-003;NFR-OBS-001;NFR-OBS-002;NFR-OBS-004;NFR-SEC-003;NFR-SEC-004;NFR-COMPAT-002;NFR-PORT-002;NFR-ARCH-001;NFR-ARCH-002;NFR-TEST-001;NFR-WORKFLOW-001;NFR-WORKFLOW-002;NFR-WORKFLOW-003;NFR-WORKFLOW-004;NFR-WORKFLOW-005;NFR-WORKFLOW-006;NFR-WORKFLOW-007;NFR-WORKFLOW-008;NFR-WORKFLOW-009;NFR-WORKFLOW-010;NFR-WORKFLOW-011;NFR-WORKFLOW-012,prd/05-features/F18-builder-workflow-runtime.md
FR-196,FR,F18,"Apply least-privilege tool, source, secret, and network access",D012;D014;D016;D020;D033,UJ-13;UJ-14,NFR-REL-001;NFR-REL-002;NFR-REL-003;NFR-REL-004;NFR-PERF-002;NFR-PERF-003;NFR-PERF-004;NFR-TRACE-001;NFR-TRACE-002;NFR-TRACE-003;NFR-OBS-001;NFR-OBS-002;NFR-OBS-004;NFR-SEC-003;NFR-SEC-004;NFR-COMPAT-002;NFR-PORT-002;NFR-ARCH-001;NFR-ARCH-002;NFR-TEST-001;NFR-WORKFLOW-001;NFR-WORKFLOW-002;NFR-WORKFLOW-003;NFR-WORKFLOW-004;NFR-WORKFLOW-005;NFR-WORKFLOW-006;NFR-WORKFLOW-007;NFR-WORKFLOW-008;NFR-WORKFLOW-009;NFR-WORKFLOW-010;NFR-WORKFLOW-011;NFR-WORKFLOW-012,prd/05-features/F18-builder-workflow-runtime.md
FR-197,FR,F18,Parallelize only dependency-independent work,D013;D014;D019;D024,UJ-12;UJ-13,NFR-REL-001;NFR-REL-002;NFR-REL-003;NFR-REL-004;NFR-PERF-002;NFR-PERF-003;NFR-PERF-004;NFR-TRACE-001;NFR-TRACE-002;NFR-TRACE-003;NFR-OBS-001;NFR-OBS-002;NFR-OBS-004;NFR-SEC-003;NFR-SEC-004;NFR-COMPAT-002;NFR-PORT-002;NFR-ARCH-001;NFR-ARCH-002;NFR-TEST-001;NFR-WORKFLOW-001;NFR-WORKFLOW-002;NFR-WORKFLOW-003;NFR-WORKFLOW-004;NFR-WORKFLOW-005;NFR-WORKFLOW-006;NFR-WORKFLOW-007;NFR-WORKFLOW-008;NFR-WORKFLOW-009;NFR-WORKFLOW-010;NFR-WORKFLOW-011;NFR-WORKFLOW-012,prd/05-features/F18-builder-workflow-runtime.md
FR-198,FR,F18,Use quality-gated candidate races,D003;D021;D024;D033,UJ-08;UJ-12;UJ-13,NFR-REL-001;NFR-REL-002;NFR-REL-003;NFR-REL-004;NFR-PERF-002;NFR-PERF-003;NFR-PERF-004;NFR-TRACE-001;NFR-TRACE-002;NFR-TRACE-003;NFR-OBS-001;NFR-OBS-002;NFR-OBS-004;NFR-SEC-003;NFR-SEC-004;NFR-COMPAT-002;NFR-PORT-002;NFR-ARCH-001;NFR-ARCH-002;NFR-TEST-001;NFR-WORKFLOW-001;NFR-WORKFLOW-002;NFR-WORKFLOW-003;NFR-WORKFLOW-004;NFR-WORKFLOW-005;NFR-WORKFLOW-006;NFR-WORKFLOW-007;NFR-WORKFLOW-008;NFR-WORKFLOW-009;NFR-WORKFLOW-010;NFR-WORKFLOW-011;NFR-WORKFLOW-012,prd/05-features/F18-builder-workflow-runtime.md
FR-199,FR,F18,Route model and compute by task complexity and risk,D003;D012;D020;D024,UJ-12;UJ-13,NFR-REL-001;NFR-REL-002;NFR-REL-003;NFR-REL-004;NFR-PERF-002;NFR-PERF-003;NFR-PERF-004;NFR-TRACE-001;NFR-TRACE-002;NFR-TRACE-003;NFR-OBS-001;NFR-OBS-002;NFR-OBS-004;NFR-SEC-003;NFR-SEC-004;NFR-COMPAT-002;NFR-PORT-002;NFR-ARCH-001;NFR-ARCH-002;NFR-TEST-001;NFR-WORKFLOW-001;NFR-WORKFLOW-002;NFR-WORKFLOW-003;NFR-WORKFLOW-004;NFR-WORKFLOW-005;NFR-WORKFLOW-006;NFR-WORKFLOW-007;NFR-WORKFLOW-008;NFR-WORKFLOW-009;NFR-WORKFLOW-010;NFR-WORKFLOW-011;NFR-WORKFLOW-012,prd/05-features/F18-builder-workflow-runtime.md
FR-200,FR,F18,Isolate independent evaluators from generator context,D014;D020;D021;D024,UJ-08;UJ-12;UJ-13,NFR-REL-001;NFR-REL-002;NFR-REL-003;NFR-REL-004;NFR-PERF-002;NFR-PERF-003;NFR-PERF-004;NFR-TRACE-001;NFR-TRACE-002;NFR-TRACE-003;NFR-OBS-001;NFR-OBS-002;NFR-OBS-004;NFR-SEC-003;NFR-SEC-004;NFR-COMPAT-002;NFR-PORT-002;NFR-ARCH-001;NFR-ARCH-002;NFR-TEST-001;NFR-WORKFLOW-001;NFR-WORKFLOW-002;NFR-WORKFLOW-003;NFR-WORKFLOW-004;NFR-WORKFLOW-005;NFR-WORKFLOW-006;NFR-WORKFLOW-007;NFR-WORKFLOW-008;NFR-WORKFLOW-009;NFR-WORKFLOW-010;NFR-WORKFLOW-011;NFR-WORKFLOW-012,prd/05-features/F18-builder-workflow-runtime.md
FR-201,FR,F18,Place human gates according to authority and operational risk,D002;D006;D010;D024;D027,UJ-04;UJ-09;UJ-13;UJ-14,NFR-REL-001;NFR-REL-002;NFR-REL-003;NFR-REL-004;NFR-PERF-002;NFR-PERF-003;NFR-PERF-004;NFR-TRACE-001;NFR-TRACE-002;NFR-TRACE-003;NFR-OBS-001;NFR-OBS-002;NFR-OBS-004;NFR-SEC-003;NFR-SEC-004;NFR-COMPAT-002;NFR-PORT-002;NFR-ARCH-001;NFR-ARCH-002;NFR-TEST-001;NFR-WORKFLOW-001;NFR-WORKFLOW-002;NFR-WORKFLOW-003;NFR-WORKFLOW-004;NFR-WORKFLOW-005;NFR-WORKFLOW-006;NFR-WORKFLOW-007;NFR-WORKFLOW-008;NFR-WORKFLOW-009;NFR-WORKFLOW-010;NFR-WORKFLOW-011;NFR-WORKFLOW-012,prd/05-features/F18-builder-workflow-runtime.md
FR-202,FR,F18,Expose workflow queues and status transitions,D006;D025,UJ-09;UJ-13;UJ-14,NFR-REL-001;NFR-REL-002;NFR-REL-003;NFR-REL-004;NFR-PERF-002;NFR-PERF-003;NFR-PERF-004;NFR-TRACE-001;NFR-TRACE-002;NFR-TRACE-003;NFR-OBS-001;NFR-OBS-002;NFR-OBS-004;NFR-SEC-003;NFR-SEC-004;NFR-COMPAT-002;NFR-PORT-002;NFR-ARCH-001;NFR-ARCH-002;NFR-TEST-001;NFR-WORKFLOW-001;NFR-WORKFLOW-002;NFR-WORKFLOW-003;NFR-WORKFLOW-004;NFR-WORKFLOW-005;NFR-WORKFLOW-006;NFR-WORKFLOW-007;NFR-WORKFLOW-008;NFR-WORKFLOW-009;NFR-WORKFLOW-010;NFR-WORKFLOW-011;NFR-WORKFLOW-012,prd/05-features/F18-builder-workflow-runtime.md
FR-203,FR,F18,Emit node-level workflow telemetry,D024;D025;D027,UJ-09;UJ-12;UJ-13,NFR-REL-001;NFR-REL-002;NFR-REL-003;NFR-REL-004;NFR-PERF-002;NFR-PERF-003;NFR-PERF-004;NFR-TRACE-001;NFR-TRACE-002;NFR-TRACE-003;NFR-OBS-001;NFR-OBS-002;NFR-OBS-004;NFR-SEC-003;NFR-SEC-004;NFR-COMPAT-002;NFR-PORT-002;NFR-ARCH-001;NFR-ARCH-002;NFR-TEST-001;NFR-WORKFLOW-001;NFR-WORKFLOW-002;NFR-WORKFLOW-003;NFR-WORKFLOW-004;NFR-WORKFLOW-005;NFR-WORKFLOW-006;NFR-WORKFLOW-007;NFR-WORKFLOW-008;NFR-WORKFLOW-009;NFR-WORKFLOW-010;NFR-WORKFLOW-011;NFR-WORKFLOW-012,prd/05-features/F18-builder-workflow-runtime.md
FR-204,FR,F18,Test complete workflow behavior at public seams,D003;D022;D023;D024;D032,UJ-12;UJ-13,NFR-REL-001;NFR-REL-002;NFR-REL-003;NFR-REL-004;NFR-PERF-002;NFR-PERF-003;NFR-PERF-004;NFR-TRACE-001;NFR-TRACE-002;NFR-TRACE-003;NFR-OBS-001;NFR-OBS-002;NFR-OBS-004;NFR-SEC-003;NFR-SEC-004;NFR-COMPAT-002;NFR-PORT-002;NFR-ARCH-001;NFR-ARCH-002;NFR-TEST-001;NFR-WORKFLOW-001;NFR-WORKFLOW-002;NFR-WORKFLOW-003;NFR-WORKFLOW-004;NFR-WORKFLOW-005;NFR-WORKFLOW-006;NFR-WORKFLOW-007;NFR-WORKFLOW-008;NFR-WORKFLOW-009;NFR-WORKFLOW-010;NFR-WORKFLOW-011;NFR-WORKFLOW-012,prd/05-features/F18-builder-workflow-runtime.md
FR-205,FR,F18,Run workflow fault-injection and recovery tests,D022;D023;D024;D026,UJ-12;UJ-14,NFR-REL-001;NFR-REL-002;NFR-REL-003;NFR-REL-004;NFR-PERF-002;NFR-PERF-003;NFR-PERF-004;NFR-TRACE-001;NFR-TRACE-002;NFR-TRACE-003;NFR-OBS-001;NFR-OBS-002;NFR-OBS-004;NFR-SEC-003;NFR-SEC-004;NFR-COMPAT-002;NFR-PORT-002;NFR-ARCH-001;NFR-ARCH-002;NFR-TEST-001;NFR-WORKFLOW-001;NFR-WORKFLOW-002;NFR-WORKFLOW-003;NFR-WORKFLOW-004;NFR-WORKFLOW-005;NFR-WORKFLOW-006;NFR-WORKFLOW-007;NFR-WORKFLOW-008;NFR-WORKFLOW-009;NFR-WORKFLOW-010;NFR-WORKFLOW-011;NFR-WORKFLOW-012,prd/05-features/F18-builder-workflow-runtime.md
FR-206,FR,F18,Promote workflow definitions through CI and release gates,D003;D021;D022;D024;D028,UJ-12;UJ-13,NFR-REL-001;NFR-REL-002;NFR-REL-003;NFR-REL-004;NFR-PERF-002;NFR-PERF-003;NFR-PERF-004;NFR-TRACE-001;NFR-TRACE-002;NFR-TRACE-003;NFR-OBS-001;NFR-OBS-002;NFR-OBS-004;NFR-SEC-003;NFR-SEC-004;NFR-COMPAT-002;NFR-PORT-002;NFR-ARCH-001;NFR-ARCH-002;NFR-TEST-001;NFR-WORKFLOW-001;NFR-WORKFLOW-002;NFR-WORKFLOW-003;NFR-WORKFLOW-004;NFR-WORKFLOW-005;NFR-WORKFLOW-006;NFR-WORKFLOW-007;NFR-WORKFLOW-008;NFR-WORKFLOW-009;NFR-WORKFLOW-010;NFR-WORKFLOW-011;NFR-WORKFLOW-012,prd/05-features/F18-builder-workflow-runtime.md
FR-207,FR,F18,"Version, migrate, and roll back workflow profiles",D011;D025;D028,UJ-12;UJ-14,NFR-REL-001;NFR-REL-002;NFR-REL-003;NFR-REL-004;NFR-PERF-002;NFR-PERF-003;NFR-PERF-004;NFR-TRACE-001;NFR-TRACE-002;NFR-TRACE-003;NFR-OBS-001;NFR-OBS-002;NFR-OBS-004;NFR-SEC-003;NFR-SEC-004;NFR-COMPAT-002;NFR-PORT-002;NFR-ARCH-001;NFR-ARCH-002;NFR-TEST-001;NFR-WORKFLOW-001;NFR-WORKFLOW-002;NFR-WORKFLOW-003;NFR-WORKFLOW-004;NFR-WORKFLOW-005;NFR-WORKFLOW-006;NFR-WORKFLOW-007;NFR-WORKFLOW-008;NFR-WORKFLOW-009;NFR-WORKFLOW-010;NFR-WORKFLOW-011;NFR-WORKFLOW-012,prd/05-features/F18-builder-workflow-runtime.md
FR-208,FR,F18,Provide specialized incident and hotfix workflows,D002;D024;D025;D026;D027;D028,UJ-09;UJ-14,NFR-REL-001;NFR-REL-002;NFR-REL-003;NFR-REL-004;NFR-PERF-002;NFR-PERF-003;NFR-PERF-004;NFR-TRACE-001;NFR-TRACE-002;NFR-TRACE-003;NFR-OBS-001;NFR-OBS-002;NFR-OBS-004;NFR-SEC-003;NFR-SEC-004;NFR-COMPAT-002;NFR-PORT-002;NFR-ARCH-001;NFR-ARCH-002;NFR-TEST-001;NFR-WORKFLOW-001;NFR-WORKFLOW-002;NFR-WORKFLOW-003;NFR-WORKFLOW-004;NFR-WORKFLOW-005;NFR-WORKFLOW-006;NFR-WORKFLOW-007;NFR-WORKFLOW-008;NFR-WORKFLOW-009;NFR-WORKFLOW-010;NFR-WORKFLOW-011;NFR-WORKFLOW-012,prd/05-features/F18-builder-workflow-runtime.md
FR-209,FR,F18,"Measure workflow cost, latency, quality, and intervention",D003;D020;D024;D025,UJ-12;UJ-13,NFR-REL-001;NFR-REL-002;NFR-REL-003;NFR-REL-004;NFR-PERF-002;NFR-PERF-003;NFR-PERF-004;NFR-TRACE-001;NFR-TRACE-002;NFR-TRACE-003;NFR-OBS-001;NFR-OBS-002;NFR-OBS-004;NFR-SEC-003;NFR-SEC-004;NFR-COMPAT-002;NFR-PORT-002;NFR-ARCH-001;NFR-ARCH-002;NFR-TEST-001;NFR-WORKFLOW-001;NFR-WORKFLOW-002;NFR-WORKFLOW-003;NFR-WORKFLOW-004;NFR-WORKFLOW-005;NFR-WORKFLOW-006;NFR-WORKFLOW-007;NFR-WORKFLOW-008;NFR-WORKFLOW-009;NFR-WORKFLOW-010;NFR-WORKFLOW-011;NFR-WORKFLOW-012,prd/05-features/F18-builder-workflow-runtime.md
FR-210,FR,F18,Reject monolithic skill-owned production workflows,D001;D012;D013;D014;D017;D027;D033,UJ-11;UJ-13,NFR-REL-001;NFR-REL-002;NFR-REL-003;NFR-REL-004;NFR-PERF-002;NFR-PERF-003;NFR-PERF-004;NFR-TRACE-001;NFR-TRACE-002;NFR-TRACE-003;NFR-OBS-001;NFR-OBS-002;NFR-OBS-004;NFR-SEC-003;NFR-SEC-004;NFR-COMPAT-002;NFR-PORT-002;NFR-ARCH-001;NFR-ARCH-002;NFR-TEST-001;NFR-WORKFLOW-001;NFR-WORKFLOW-002;NFR-WORKFLOW-003;NFR-WORKFLOW-004;NFR-WORKFLOW-005;NFR-WORKFLOW-006;NFR-WORKFLOW-007;NFR-WORKFLOW-008;NFR-WORKFLOW-009;NFR-WORKFLOW-010;NFR-WORKFLOW-011;NFR-WORKFLOW-012,prd/05-features/F18-builder-workflow-runtime.md
NFR-REL-001,NFR,,Deterministic replay,,,,prd/06-cross-cutting-nfrs.md
NFR-REL-002,NFR,,Resumability,,,,prd/06-cross-cutting-nfrs.md
NFR-REL-003,NFR,,Idempotent compilation,,,,prd/06-cross-cutting-nfrs.md
NFR-REL-004,NFR,,Failure isolation,,,,prd/06-cross-cutting-nfrs.md
NFR-PERF-001,NFR,,Interactive Control Tower,,,,prd/06-cross-cutting-nfrs.md
NFR-PERF-002,NFR,,Compilation budget visibility,,,,prd/06-cross-cutting-nfrs.md
NFR-PERF-003,NFR,,No hidden budget overflow,,,,prd/06-cross-cutting-nfrs.md
NFR-PERF-004,NFR,,Parallel-safe work,,,,prd/06-cross-cutting-nfrs.md
NFR-TRACE-001,NFR,,End-to-end provenance,,,,prd/06-cross-cutting-nfrs.md
NFR-TRACE-002,NFR,,Append-only operational history,,,,prd/06-cross-cutting-nfrs.md
NFR-TRACE-003,NFR,,Evaluated artifact identity,,,,prd/06-cross-cutting-nfrs.md
NFR-TRACE-004,NFR,,Knowledge-status integrity,,,,prd/06-cross-cutting-nfrs.md
NFR-OBS-001,NFR,,Event completeness,,,,prd/06-cross-cutting-nfrs.md
NFR-OBS-002,NFR,,Evidence-backed status,,,,prd/06-cross-cutting-nfrs.md
NFR-OBS-003,NFR,,No second source of truth,,,,prd/06-cross-cutting-nfrs.md
NFR-OBS-004,NFR,,Exportability,,,,prd/06-cross-cutting-nfrs.md
NFR-SEC-001,NFR,,Source immutability,,,,prd/06-cross-cutting-nfrs.md
NFR-SEC-002,NFR,,Path and archive safety,,,,prd/06-cross-cutting-nfrs.md
NFR-SEC-003,NFR,,Authority enforcement,,,,prd/06-cross-cutting-nfrs.md
NFR-SEC-004,NFR,,Secret isolation,,,,prd/06-cross-cutting-nfrs.md
NFR-COMPAT-001,NFR,,V2.1 compatibility,,,,prd/06-cross-cutting-nfrs.md
NFR-COMPAT-002,NFR,,Schema evolution,,,,prd/06-cross-cutting-nfrs.md
NFR-COMPAT-003,NFR,,Artifact deprecation,,,,prd/06-cross-cutting-nfrs.md
NFR-PORT-001,NFR,,Portable source profiles,,,,prd/06-cross-cutting-nfrs.md
NFR-PORT-002,NFR,,Runtime adapter boundary,,,,prd/06-cross-cutting-nfrs.md
NFR-UX-001,NFR,,Accessible Control Tower,,,,prd/06-cross-cutting-nfrs.md
NFR-UX-002,NFR,,Progressive disclosure,,,,prd/06-cross-cutting-nfrs.md
NFR-EVAL-001,NFR,,Protected benchmark integrity,,,,prd/06-cross-cutting-nfrs.md
NFR-EVAL-002,NFR,,Repeated-run measurement,,,,prd/06-cross-cutting-nfrs.md
NFR-EVAL-003,NFR,,Independent evaluation,,,,prd/06-cross-cutting-nfrs.md
NFR-MAINT-001,NFR,,Single-source generation,,,,prd/06-cross-cutting-nfrs.md
NFR-MAINT-002,NFR,,Skill ecology maintainability,,,,prd/06-cross-cutting-nfrs.md
NFR-MAINT-003,NFR,,Category migration safety,,,,prd/06-cross-cutting-nfrs.md
NFR-SCALE-001,NFR,,Corpus-scale evidence processing,,,,prd/06-cross-cutting-nfrs.md
NFR-ARCH-001,NFR,,Explicit ownership integrity,,,,prd/06-cross-cutting-nfrs.md
NFR-ARCH-002,NFR,,Executable graph integrity,,,,prd/06-cross-cutting-nfrs.md
NFR-TEST-001,NFR,,Public-seam testability,,,,prd/06-cross-cutting-nfrs.md
NFR-CAT-001,NFR,,Category isolation,,,,prd/06-cross-cutting-nfrs.md
NFR-CAT-002,NFR,,Atomic creative ownership,,,,prd/06-cross-cutting-nfrs.md
NFR-CAT-003,NFR,,Sequence fidelity,,,,prd/06-cross-cutting-nfrs.md
NFR-EVAL-004,NFR,,Category-appropriate evaluation,,,,prd/06-cross-cutting-nfrs.md
NFR-WORKFLOW-001,NFR,,Reproducible workflow routing,,,,prd/06-cross-cutting-nfrs.md
NFR-WORKFLOW-002,NFR,,Explicit actor ownership,,,,prd/06-cross-cutting-nfrs.md
NFR-WORKFLOW-003,NFR,,Typed node handoffs,,,,prd/06-cross-cutting-nfrs.md
NFR-WORKFLOW-004,NFR,,Bounded control flow,,,,prd/06-cross-cutting-nfrs.md
NFR-WORKFLOW-005,NFR,,Idempotent workflow resume,,,,prd/06-cross-cutting-nfrs.md
NFR-WORKFLOW-006,NFR,,Failure containment,,,,prd/06-cross-cutting-nfrs.md
NFR-WORKFLOW-007,NFR,,Sandbox least privilege,,,,prd/06-cross-cutting-nfrs.md
NFR-WORKFLOW-008,NFR,,Bounded parallelism,,,,prd/06-cross-cutting-nfrs.md
NFR-WORKFLOW-009,NFR,,Risk-aware model and compute routing,,,,prd/06-cross-cutting-nfrs.md
NFR-WORKFLOW-010,NFR,,Workflow observability,,,,prd/06-cross-cutting-nfrs.md
NFR-WORKFLOW-011,NFR,,Workflow-level testability,,,,prd/06-cross-cutting-nfrs.md
NFR-WORKFLOW-012,NFR,,Versioned promotion and rollback,,,,prd/06-cross-cutting-nfrs.md
