story_id,global_order,epic_id,story_title,technical_spec_ids,spec_assignment_count,implementation_owners,contract_handles,schema_refs,primary_obligation_count,required_test_ids,implementation_gate_status,decision_or_blocker_ids,cross_repository_dependency_ids,assignment_basis
ST-01.01,1,EP-01,Start and Resume One Target-Profiled Builder Run,TS-00;TS-01;TS-02;TS-07;TS-11;TS-13;TS-14;TS-15,8,Product authority and architecture;TS-01;product_constitution,RunLifecycle;EvidenceWorkspace;ConstitutionalReadinessReceipt,docs/contracts/schemas/constitutional-evaluation.schema.json#/$defs/ConstitutionalReadinessReceipt,15,ST-01.01-acceptance;ST-01.01-failure;ST-01.01-authority;ST-01.01-receipt,BLOCKED_PENDING_HUMAN_DECISION,HD-006,XDEP-001;XDEP-004;XDEP-006,confirmed Story primary_specs projected without changing Story or Epic ownership
ST-01.02,2,EP-01,Lock a Safe Target-Specific Evidence Workspace,TS-01;TS-02;TS-11,3,Evidence architecture and source authority;TS-02;product_constitution,RunLifecycle;EvidenceWorkspace;ConstitutionalReadinessReceipt,docs/contracts/schemas/constitutional-evaluation.schema.json#/$defs/ConstitutionalReadinessReceipt,10,ST-01.02-acceptance;ST-01.02-failure;ST-01.02-authority;ST-01.02-receipt,BLOCKED_PENDING_HUMAN_DECISION,BD-004;BD-014;HD-006,XDEP-001;XDEP-004;XDEP-006,confirmed Story primary_specs projected without changing Story or Epic ownership
ST-01.03,3,EP-01,Index Every Evidence Specimen with Provenance,TS-02,1,TS-02,RunLifecycle;EvidenceWorkspace;ConstitutionalReadinessReceipt,docs/contracts/schemas/constitutional-evaluation.schema.json#/$defs/ConstitutionalReadinessReceipt,4,ST-01.03-acceptance;ST-01.03-failure;ST-01.03-authority;ST-01.03-receipt,BLOCKED_PENDING_HUMAN_DECISION,BD-004;HD-006,XDEP-001;XDEP-004;XDEP-006,confirmed Story primary_specs projected without changing Story or Epic ownership
ST-01.04,4,EP-01,Decide Evidence Saturation Without Inventing Claims,TS-02;TS-03;TS-10;TS-13,4,TS-02;evaluation_governance,RunLifecycle;EvidenceWorkspace;ConstitutionalReadinessReceipt,docs/contracts/schemas/constitutional-evaluation.schema.json#/$defs/ConstitutionalReadinessReceipt,4,ST-01.04-acceptance;ST-01.04-failure;ST-01.04-authority;ST-01.04-receipt,BLOCKED_PENDING_HUMAN_DECISION,BD-004;HD-006,XDEP-001;XDEP-004;XDEP-006,confirmed Story primary_specs projected without changing Story or Epic ownership
ST-02.01,5,EP-02,Normalize Evidence into Typed Syntax Observations,TS-03;TS-04,2,"TS-03;Visual architecture, category steward, and benchmark team",SyntaxObservation;DraftHarnessModel;SharedActivativeCore;ConversationalActivationExpression,docs/contracts/schemas/shared-activative-core.schema.json;docs/contracts/schemas/conversational-expression.schema.json,6,ST-02.01-acceptance;ST-02.01-failure;ST-02.01-authority;ST-02.01-receipt,BLOCKED_PENDING_HUMAN_DECISION,BD-004;BD-007;HD-006,XDEP-001;XDEP-004,confirmed Story primary_specs projected without changing Story or Epic ownership
ST-02.02,6,EP-02,"Build Spatial, Temporal, and Reading-Order Graphs",TS-03,1,TS-03,SyntaxObservation;DraftHarnessModel;SharedActivativeCore;ConversationalActivationExpression,docs/contracts/schemas/shared-activative-core.schema.json;docs/contracts/schemas/conversational-expression.schema.json,4,ST-02.02-acceptance;ST-02.02-failure;ST-02.02-authority;ST-02.02-receipt,BLOCKED_PENDING_HUMAN_DECISION,BD-004;BD-007;HD-006,XDEP-001;XDEP-004,confirmed Story primary_specs projected without changing Story or Epic ownership
ST-02.03,7,EP-02,Induce Grammar Only After Syntax Evidence,TS-00;TS-02;TS-03;TS-05;TS-06;TS-07;TS-11;TS-12,8,TS-03;product_constitution,SyntaxObservation;DraftHarnessModel;SharedActivativeCore;ConversationalActivationExpression,docs/contracts/schemas/shared-activative-core.schema.json;docs/contracts/schemas/conversational-expression.schema.json,7,ST-02.03-acceptance;ST-02.03-failure;ST-02.03-authority;ST-02.03-receipt,BLOCKED_PENDING_HUMAN_DECISION,BD-004;BD-007;BD-008;HD-006,XDEP-001;XDEP-004,confirmed Story primary_specs projected without changing Story or Epic ownership
ST-02.04,8,EP-02,Compare Candidate Atomic Product Boundaries,TS-03;TS-04;TS-11,3,TS-04;product_constitution,SyntaxObservation;DraftHarnessModel;SharedActivativeCore;ConversationalActivationExpression,docs/contracts/schemas/shared-activative-core.schema.json;docs/contracts/schemas/conversational-expression.schema.json,5,ST-02.04-acceptance;ST-02.04-failure;ST-02.04-authority;ST-02.04-receipt,BLOCKED_PENDING_HUMAN_DECISION,BD-004;BD-007;BD-008;HD-006,XDEP-001;XDEP-004,confirmed Story primary_specs projected without changing Story or Epic ownership
ST-02.05,9,EP-02,Ratify and Freeze the Draft Harness Boundary,TS-04;TS-11;TS-15,3,TS-04;evaluation_governance,SyntaxObservation;DraftHarnessModel;SharedActivativeCore;ConversationalActivationExpression,docs/contracts/schemas/shared-activative-core.schema.json;docs/contracts/schemas/conversational-expression.schema.json,6,ST-02.05-acceptance;ST-02.05-failure;ST-02.05-authority;ST-02.05-receipt,BLOCKED_PENDING_HUMAN_DECISION,BD-004;BD-007;HD-006,XDEP-001;XDEP-004,confirmed Story primary_specs projected without changing Story or Epic ownership
ST-03.01,10,EP-03,Ask Only Dependency-Ready Constitutional Questions,TS-01;TS-04;TS-05;TS-11;TS-12;TS-13;TS-14,7,TS-05;evaluation_governance;product_constitution,GenesisDecisionReceipt;HarnessIR;SharedActivativeCore;ActivativeIntelligencePack,docs/contracts/schemas/shared-activative-core.schema.json,7,ST-03.01-acceptance;ST-03.01-failure;ST-03.01-authority;ST-03.01-receipt,EVIDENCE_GATED,BD-004;BD-008,XDEP-001;XDEP-006,confirmed Story primary_specs projected without changing Story or Epic ownership
ST-03.02,11,EP-03,Record Human Authority and Resume Genesis Safely,TS-01;TS-04;TS-05;TS-07;TS-12;TS-13;TS-14,7,"Product authority, security, and architecture;TS-05;product_constitution",GenesisDecisionReceipt;HarnessIR;SharedActivativeCore;ActivativeIntelligencePack,docs/contracts/schemas/shared-activative-core.schema.json,8,ST-03.02-acceptance;ST-03.02-failure;ST-03.02-authority;ST-03.02-receipt,CONDITIONAL_EXTERNAL_DEPENDENCY,,XDEP-001;XDEP-006,confirmed Story primary_specs projected without changing Story or Epic ownership
ST-03.03,12,EP-03,Maintain One Provenance-Rich Canonical Harness IR,TS-03;TS-04;TS-05;TS-06;TS-07;TS-11;TS-12;TS-13;TS-14,9,Architecture;TS-06;product_constitution,GenesisDecisionReceipt;HarnessIR;SharedActivativeCore;ActivativeIntelligencePack,docs/contracts/schemas/shared-activative-core.schema.json,8,ST-03.03-acceptance;ST-03.03-failure;ST-03.03-authority;ST-03.03-receipt,EVIDENCE_GATED,BD-014,XDEP-001;XDEP-006,confirmed Story primary_specs projected without changing Story or Epic ownership
ST-03.04,13,EP-03,Compile Human and Machine Artifacts Deterministically,TS-00;TS-06;TS-07;TS-09;TS-13,5,Compiler and schema architecture;TS-06;product_constitution,GenesisDecisionReceipt;HarnessIR;SharedActivativeCore;ActivativeIntelligencePack,docs/contracts/schemas/shared-activative-core.schema.json,10,ST-03.04-acceptance;ST-03.04-failure;ST-03.04-authority;ST-03.04-receipt,CONDITIONAL_EXTERNAL_DEPENDENCY,,XDEP-001;XDEP-006,confirmed Story primary_specs projected without changing Story or Epic ownership
ST-03.05,14,EP-03,Enforce Constitutional Precedence Across Compiled Artifacts,TS-00;TS-01;TS-06;TS-13,4,TS-06;constitutional_alignment_and_mapped_spec_owners,GenesisDecisionReceipt;HarnessIR;SharedActivativeCore;ActivativeIntelligencePack,docs/contracts/schemas/shared-activative-core.schema.json,2,ST-03.05-acceptance;ST-03.05-failure;ST-03.05-authority;ST-03.05-receipt,CONDITIONAL_EXTERNAL_DEPENDENCY,,XDEP-001;XDEP-006,confirmed Story primary_specs projected without changing Story or Epic ownership
ST-04.01,15,EP-04,Assign Explicit Ownership to Every Required Capability,TS-03;TS-07;TS-08;TS-09;TS-14,5,TS-07;product_constitution,CapabilityOwnership;PhaseContract;ContextContract;HandoffContract;ReferenceContract,,5,ST-04.01-acceptance;ST-04.01-failure;ST-04.01-authority;ST-04.01-receipt,EVIDENCE_GATED,BD-010,XDEP-001,confirmed Story primary_specs projected without changing Story or Epic ownership
ST-04.02,16,EP-04,Compile Responsibility-Centered Modules with Test Seams,TS-07;TS-12;TS-13;TS-14,4,TS-07;product_constitution,CapabilityOwnership;PhaseContract;ContextContract;HandoffContract;ReferenceContract,,3,ST-04.02-acceptance;ST-04.02-failure;ST-04.02-authority;ST-04.02-receipt,PLANNING_COMPLETE_IMPLEMENTATION_PROHIBITED,,XDEP-001,confirmed Story primary_specs projected without changing Story or Epic ownership
ST-04.03,17,EP-04,Order Work Through an Executable Phase Graph,TS-07;TS-12;TS-14,3,TS-07;product_constitution,CapabilityOwnership;PhaseContract;ContextContract;HandoffContract;ReferenceContract,,3,ST-04.03-acceptance;ST-04.03-failure;ST-04.03-authority;ST-04.03-receipt,PLANNING_COMPLETE_IMPLEMENTATION_PROHIBITED,,XDEP-001,confirmed Story primary_specs projected without changing Story or Epic ownership
ST-04.04,18,EP-04,Protect Typed Phase and Context Handoffs,TS-01;TS-03;TS-05;TS-06;TS-07;TS-11;TS-12;TS-13;TS-14,9,TS-07;evaluation_governance;product_constitution,CapabilityOwnership;PhaseContract;ContextContract;HandoffContract;ReferenceContract,,9,ST-04.04-acceptance;ST-04.04-failure;ST-04.04-authority;ST-04.04-receipt,EVIDENCE_GATED,BD-014,XDEP-001,confirmed Story primary_specs projected without changing Story or Epic ownership
ST-04.05,19,EP-04,Compile Minimum Complete Context Without Silent Truncation,TS-00;TS-07;TS-08;TS-09;TS-12;TS-14,6,TS-07;product_constitution,CapabilityOwnership;PhaseContract;ContextContract;HandoffContract;ReferenceContract,,13,ST-04.05-acceptance;ST-04.05-failure;ST-04.05-authority;ST-04.05-receipt,EVIDENCE_GATED,BD-010,XDEP-001,confirmed Story primary_specs projected without changing Story or Epic ownership
ST-05.01,20,EP-05,Operate a Versioned Canonical Skill Registry,IMPLEMENTATION_BASELINE;TS-06;TS-07;TS-08;TS-09;TS-10;TS-11;TS-12;TS-13;TS-14,10,TS-08;product_constitution,SkillPackage;SkillRecipe;PhaseCapsule,,5,ST-05.01-acceptance;ST-05.01-failure;ST-05.01-authority;ST-05.01-receipt,BLOCKED_PENDING_HUMAN_DECISION,BD-004;BD-008;BD-010;HD-007,XDEP-001,confirmed Story primary_specs projected without changing Story or Epic ownership
ST-05.02,21,EP-05,Prove a Skill Is Needed Before Designing It,TS-00;TS-07;TS-08,3,TS-08;product_constitution,SkillPackage;SkillRecipe;PhaseCapsule,,4,ST-05.02-acceptance;ST-05.02-failure;ST-05.02-authority;ST-05.02-receipt,BLOCKED_PENDING_HUMAN_DECISION,BD-010;HD-007,XDEP-001,confirmed Story primary_specs projected without changing Story or Epic ownership
ST-05.03,22,EP-05,Package Portable Skills with Behavioral Anchors,TS-00;TS-07;TS-08;TS-09;TS-10;TS-12;TS-14,7,TS-08;product_constitution,SkillPackage;SkillRecipe;PhaseCapsule,,6,ST-05.03-acceptance;ST-05.03-failure;ST-05.03-authority;ST-05.03-receipt,BLOCKED_PENDING_HUMAN_DECISION,BD-010;HD-007,XDEP-001,confirmed Story primary_specs projected without changing Story or Epic ownership
ST-05.04,23,EP-05,Assemble a Deterministic Phase-Local JIT Capsule,TS-00;TS-05;TS-07;TS-08;TS-09;TS-10;TS-12;TS-13;TS-14,9,Skill architecture;TS-09;evaluation_governance;product_constitution,SkillPackage;SkillRecipe;PhaseCapsule,,14,ST-05.04-acceptance;ST-05.04-failure;ST-05.04-authority;ST-05.04-receipt,BLOCKED_PENDING_HUMAN_DECISION,BD-010;HD-007,XDEP-001,confirmed Story primary_specs projected without changing Story or Epic ownership
ST-05.05,24,EP-05,Pin and Dispose of Capsules Reproducibly,TS-09,1,TS-09,SkillPackage;SkillRecipe;PhaseCapsule,,3,ST-05.05-acceptance;ST-05.05-failure;ST-05.05-authority;ST-05.05-receipt,BLOCKED_PENDING_HUMAN_DECISION,BD-010;HD-007,XDEP-001,confirmed Story primary_specs projected without changing Story or Epic ownership
ST-06.01,25,EP-06,Bind Every Harness to One of Five Canonical Categories,TS-00;TS-01;TS-03;TS-04;TS-06;TS-07;TS-10;TS-11;TS-12;TS-13;TS-15,11,TS-11;constitutional_alignment_and_mapped_spec_owners;evaluation_governance;product_constitution,SharedActivativeCore;ActivativeIntelligencePack;ConversationalActivationExpression;ActivativeCall;ReactionReceipt;ExpressionMoment;IdentityDNAAmendmentProposal,docs/contracts/schemas/shared-activative-core.schema.json;docs/contracts/schemas/conversational-expression.schema.json,13,ST-06.01-acceptance;ST-06.01-failure;ST-06.01-authority;ST-06.01-receipt,BLOCKED_PENDING_HUMAN_DECISION,BD-004;BD-007;BD-008;BD-010;BD-014;HD-006;HD-007,XDEP-001;XDEP-004;XDEP-006,confirmed Story primary_specs projected without changing Story or Epic ownership
ST-06.02,26,EP-06,Compile Category-Local Format and Performance Profiles,TS-00;TS-11;TS-15,3,TS-11;product_constitution,SharedActivativeCore;ActivativeIntelligencePack;ConversationalActivationExpression;ActivativeCall;ReactionReceipt;ExpressionMoment;IdentityDNAAmendmentProposal,docs/contracts/schemas/shared-activative-core.schema.json;docs/contracts/schemas/conversational-expression.schema.json,4,ST-06.02-acceptance;ST-06.02-failure;ST-06.02-authority;ST-06.02-receipt,BLOCKED_PENDING_HUMAN_DECISION,BD-004;BD-007;BD-008;BD-010;BD-014;HD-006;HD-007,XDEP-001;XDEP-004;XDEP-006,confirmed Story primary_specs projected without changing Story or Epic ownership
ST-06.03,27,EP-06,Compile Category-Native Syntax and Activative Sequencing,TS-00;TS-03;TS-05;TS-06;TS-07;TS-09;TS-11;TS-14;TS-15,9,TS-11;constitutional_alignment_and_mapped_spec_owners,SharedActivativeCore;ActivativeIntelligencePack;ConversationalActivationExpression;ActivativeCall;ReactionReceipt;ExpressionMoment;IdentityDNAAmendmentProposal,docs/contracts/schemas/shared-activative-core.schema.json;docs/contracts/schemas/conversational-expression.schema.json,6,ST-06.03-acceptance;ST-06.03-failure;ST-06.03-authority;ST-06.03-receipt,BLOCKED_PENDING_HUMAN_DECISION,BD-004;BD-007;BD-008;BD-010;BD-014;HD-006;HD-007,XDEP-001;XDEP-004;XDEP-006,confirmed Story primary_specs projected without changing Story or Epic ownership
ST-06.04,28,EP-06,"Own Category Runtime, Evaluation, Repair, and Migration Rules",TS-11,1,TS-11,SharedActivativeCore;ActivativeIntelligencePack;ConversationalActivationExpression;ActivativeCall;ReactionReceipt;ExpressionMoment;IdentityDNAAmendmentProposal,docs/contracts/schemas/shared-activative-core.schema.json;docs/contracts/schemas/conversational-expression.schema.json,4,ST-06.04-acceptance;ST-06.04-failure;ST-06.04-authority;ST-06.04-receipt,BLOCKED_PENDING_HUMAN_DECISION,BD-004;BD-007;BD-008;BD-010;BD-014;HD-006;HD-007,XDEP-001;XDEP-004;XDEP-006,confirmed Story primary_specs projected without changing Story or Epic ownership
ST-06.05,29,EP-06,Compile the Conversational Expression Feedback Chain,TS-02;TS-06;TS-07;TS-10;TS-11;TS-12;TS-14,7,constitutional_alignment_and_mapped_spec_owners,SharedActivativeCore;ActivativeIntelligencePack;ConversationalActivationExpression;ActivativeCall;ReactionReceipt;ExpressionMoment;IdentityDNAAmendmentProposal,docs/contracts/schemas/shared-activative-core.schema.json;docs/contracts/schemas/conversational-expression.schema.json,1,ST-06.05-acceptance;ST-06.05-failure;ST-06.05-authority;ST-06.05-receipt,BLOCKED_PENDING_HUMAN_DECISION,BD-004;BD-008;BD-010;HD-006;HD-007,XDEP-001;XDEP-004;XDEP-006,confirmed Story primary_specs projected without changing Story or Epic ownership
ST-07.01,30,EP-07,Register Three Distinct Compilation Targets,TS-01;TS-11;TS-15,3,Cross-product architecture;TS-11;product_constitution,TargetProfile;VisualSemanticAndNarrativeHandoff;TVRouteRequest;DelegationHandoff;AssetDemandSemanticLineage,docs/contracts/schemas/visual-semantic-handoff.schema.json,3,ST-07.01-acceptance;ST-07.01-failure;ST-07.01-authority;ST-07.01-receipt,EVIDENCE_GATED,BD-014,XDEP-001;XDEP-002;XDEP-003;XDEP-004,confirmed Story primary_specs projected without changing Story or Epic ownership
ST-07.02,31,EP-07,Compile a Target-Specific Atomic Content Harness,TS-11,1,TS-11,TargetProfile;VisualSemanticAndNarrativeHandoff;TVRouteRequest;DelegationHandoff;AssetDemandSemanticLineage,docs/contracts/schemas/visual-semantic-handoff.schema.json,4,ST-07.02-acceptance;ST-07.02-failure;ST-07.02-authority;ST-07.02-receipt,EVIDENCE_GATED,BD-014,XDEP-001;XDEP-002;XDEP-003;XDEP-004,confirmed Story primary_specs projected without changing Story or Epic ownership
ST-07.03,32,EP-07,Compile VAE and Delegation Handoffs Without Implementing Them,TS-03;TS-06;TS-07;TS-10;TS-11;TS-13;TS-14;TS-15,8,Product lead and cross-product architecture;TS-11;constitutional_alignment_and_mapped_spec_owners,TargetProfile;VisualSemanticAndNarrativeHandoff;TVRouteRequest;DelegationHandoff;AssetDemandSemanticLineage,docs/contracts/schemas/visual-semantic-handoff.schema.json,4,ST-07.03-acceptance;ST-07.03-failure;ST-07.03-authority;ST-07.03-receipt,EVIDENCE_GATED,BD-007;BD-008;BD-014,XDEP-001;XDEP-002;XDEP-003;XDEP-004,confirmed Story primary_specs projected without changing Story or Epic ownership
ST-07.04,33,EP-07,"Validate Target Artifacts, Gates, and Compatibility",TS-11,1,TS-11,TargetProfile;VisualSemanticAndNarrativeHandoff;TVRouteRequest;DelegationHandoff;AssetDemandSemanticLineage,docs/contracts/schemas/visual-semantic-handoff.schema.json,4,ST-07.04-acceptance;ST-07.04-failure;ST-07.04-authority;ST-07.04-receipt,EVIDENCE_GATED,BD-014,XDEP-001;XDEP-002;XDEP-003;XDEP-004,confirmed Story primary_specs projected without changing Story or Epic ownership
ST-08.01,34,EP-08,Measure Behavior Against Controls in Fresh Contexts,TS-10,1,TS-10,EvaluationCase;ConstitutionalEvaluationReceipt;ConstitutionalReadinessReceipt;RepairReceipt,docs/contracts/schemas/constitutional-evaluation.schema.json;docs/contracts/schemas/conversational-expression.schema.json,6,ST-08.01-acceptance;ST-08.01-failure;ST-08.01-authority;ST-08.01-receipt,BLOCKED_PENDING_HUMAN_DECISION,BD-004;BD-008;HD-006;HD-007,XDEP-001;XDEP-002;XDEP-003;XDEP-004;XDEP-006,confirmed Story primary_specs projected without changing Story or Epic ownership
ST-08.02,35,EP-08,Promote Maturity Only Through Protected Receipts,IMPLEMENTATION_BASELINE;TS-02;TS-03;TS-08;TS-10;TS-13;TS-14;TS-15,8,Evaluation governance and architecture;TS-10;product_constitution,EvaluationCase;ConstitutionalEvaluationReceipt;ConstitutionalReadinessReceipt;RepairReceipt,docs/contracts/schemas/constitutional-evaluation.schema.json;docs/contracts/schemas/conversational-expression.schema.json,9,ST-08.02-acceptance;ST-08.02-failure;ST-08.02-authority;ST-08.02-receipt,BLOCKED_PENDING_HUMAN_DECISION,BD-004;BD-007;BD-008;HD-006;HD-007,XDEP-001;XDEP-002;XDEP-003;XDEP-004;XDEP-006,confirmed Story primary_specs projected without changing Story or Epic ownership
ST-08.03,36,EP-08,Score Independent Dimensions and Controlled Mutations,TS-10;TS-11;TS-12;TS-14,4,TS-10;evaluation_governance;product_constitution,EvaluationCase;ConstitutionalEvaluationReceipt;ConstitutionalReadinessReceipt;RepairReceipt,docs/contracts/schemas/constitutional-evaluation.schema.json;docs/contracts/schemas/conversational-expression.schema.json,9,ST-08.03-acceptance;ST-08.03-failure;ST-08.03-authority;ST-08.03-receipt,BLOCKED_PENDING_HUMAN_DECISION,BD-004;BD-008;HD-006;HD-007,XDEP-001;XDEP-002;XDEP-003;XDEP-004;XDEP-006,confirmed Story primary_specs projected without changing Story or Epic ownership
ST-08.04,37,EP-08,Diagnose Root Cause Before Selecting Repair,TS-00;TS-05;TS-07;TS-10;TS-11;TS-12;TS-13;TS-14,8,TS-13;product_constitution,EvaluationCase;ConstitutionalEvaluationReceipt;ConstitutionalReadinessReceipt;RepairReceipt,docs/contracts/schemas/constitutional-evaluation.schema.json;docs/contracts/schemas/conversational-expression.schema.json,5,ST-08.04-acceptance;ST-08.04-failure;ST-08.04-authority;ST-08.04-receipt,BLOCKED_PENDING_HUMAN_DECISION,BD-004;BD-008;HD-006;HD-007,XDEP-001;XDEP-002;XDEP-003;XDEP-004;XDEP-006,confirmed Story primary_specs projected without changing Story or Epic ownership
ST-08.05,38,EP-08,Repair Selectively and Rerun Only Affected Regressions,TS-13,1,TS-13,EvaluationCase;ConstitutionalEvaluationReceipt;ConstitutionalReadinessReceipt;RepairReceipt,docs/contracts/schemas/constitutional-evaluation.schema.json;docs/contracts/schemas/conversational-expression.schema.json,3,ST-08.05-acceptance;ST-08.05-failure;ST-08.05-authority;ST-08.05-receipt,BLOCKED_PENDING_HUMAN_DECISION,BD-008;HD-006;HD-007,XDEP-001;XDEP-002;XDEP-003;XDEP-004;XDEP-006,confirmed Story primary_specs projected without changing Story or Epic ownership
ST-08.06,39,EP-08,Issue Evidence-Backed Readiness and Authorization Receipts,TS-00;TS-01;TS-02;TS-04;TS-05;TS-06;TS-07;TS-08;TS-09;TS-10;TS-11;TS-12;TS-13;TS-14;TS-15,15,TS-13;evaluation_governance;product_constitution,EvaluationCase;ConstitutionalEvaluationReceipt;ConstitutionalReadinessReceipt;RepairReceipt,docs/contracts/schemas/constitutional-evaluation.schema.json;docs/contracts/schemas/conversational-expression.schema.json,10,ST-08.06-acceptance;ST-08.06-failure;ST-08.06-authority;ST-08.06-receipt,BLOCKED_PENDING_HUMAN_DECISION,BD-004;BD-008;BD-014;HD-006;HD-007,XDEP-001;XDEP-002;XDEP-003;XDEP-004;XDEP-006,confirmed Story primary_specs projected without changing Story or Epic ownership
ST-08.07,40,EP-08,Reject Wrong Readings and Evaluate Conversational Expression,TS-03;TS-06;TS-10;TS-11;TS-12;TS-13;TS-15,7,constitutional_alignment_and_mapped_spec_owners,EvaluationCase;ConstitutionalEvaluationReceipt;ConstitutionalReadinessReceipt;RepairReceipt,docs/contracts/schemas/constitutional-evaluation.schema.json;docs/contracts/schemas/conversational-expression.schema.json,2,ST-08.07-acceptance;ST-08.07-failure;ST-08.07-authority;ST-08.07-receipt,BLOCKED_PENDING_HUMAN_DECISION,BD-008;HD-006;HD-007,XDEP-001;XDEP-002;XDEP-003;XDEP-004;XDEP-006,confirmed Story primary_specs projected without changing Story or Epic ownership
ST-09.01,41,EP-09,Compile an Actor-Explicit Builder Workflow,TS-14,1,TS-14;Workflow architecture and operations,WorkflowIR;WorkflowNodeContract;CheckpointReceipt;PromotionReceipt,,9,ST-09.01-acceptance;ST-09.01-failure;ST-09.01-authority;ST-09.01-receipt,CONDITIONAL_EXTERNAL_DEPENDENCY,,XDEP-001;XDEP-005,confirmed Story primary_specs projected without changing Story or Epic ownership
ST-09.02,42,EP-09,Route Through a Manual Shadow Before Automation,TS-14,1,TS-14,WorkflowIR;WorkflowNodeContract;CheckpointReceipt;PromotionReceipt,,5,ST-09.02-acceptance;ST-09.02-failure;ST-09.02-authority;ST-09.02-receipt,CONDITIONAL_EXTERNAL_DEPENDENCY,,XDEP-001;XDEP-005,confirmed Story primary_specs projected without changing Story or Epic ownership
ST-09.03,43,EP-09,Validate Node Outputs and Contain Failure Feedback,TS-00;TS-14,2,TS-14;evaluation_governance;product_constitution,WorkflowIR;WorkflowNodeContract;CheckpointReceipt;PromotionReceipt,,9,ST-09.03-acceptance;ST-09.03-failure;ST-09.03-authority;ST-09.03-receipt,CONDITIONAL_EXTERNAL_DEPENDENCY,,XDEP-001;XDEP-005,confirmed Story primary_specs projected without changing Story or Epic ownership
ST-09.04,44,EP-09,"Checkpoint, Isolate, and Resume Work Safely",TS-00;TS-02;TS-03;TS-14,4,Security and workflow architecture;TS-14;product_constitution,WorkflowIR;WorkflowNodeContract;CheckpointReceipt;PromotionReceipt,,12,ST-09.04-acceptance;ST-09.04-failure;ST-09.04-authority;ST-09.04-receipt,CONDITIONAL_EXTERNAL_DEPENDENCY,,XDEP-001;XDEP-005,confirmed Story primary_specs projected without changing Story or Epic ownership
ST-09.05,45,EP-09,Race Candidates and Route Compute Under Human Authority,TS-00;TS-07;TS-14,3,TS-14;product_constitution,WorkflowIR;WorkflowNodeContract;CheckpointReceipt;PromotionReceipt,,6,ST-09.05-acceptance;ST-09.05-failure;ST-09.05-authority;ST-09.05-receipt,CONDITIONAL_EXTERNAL_DEPENDENCY,,XDEP-001;XDEP-005,confirmed Story primary_specs projected without changing Story or Epic ownership
ST-09.06,46,EP-09,Observe Queues and Prove Workflow Recovery,TS-14,1,TS-14,WorkflowIR;WorkflowNodeContract;CheckpointReceipt;PromotionReceipt,,9,ST-09.06-acceptance;ST-09.06-failure;ST-09.06-authority;ST-09.06-receipt,CONDITIONAL_EXTERNAL_DEPENDENCY,,XDEP-001;XDEP-005,confirmed Story primary_specs projected without changing Story or Epic ownership
ST-09.07,47,EP-09,"Promote, Migrate, Roll Back, and Hotfix Workflow Profiles",TS-10;TS-12;TS-14,3,"Operations, security, and architecture;Product lead, Builder maintainer, and workflow architecture;TS-14;evaluation_governance",WorkflowIR;WorkflowNodeContract;CheckpointReceipt;PromotionReceipt,,7,ST-09.07-acceptance;ST-09.07-failure;ST-09.07-authority;ST-09.07-receipt,CONDITIONAL_EXTERNAL_DEPENDENCY,,XDEP-001;XDEP-005,confirmed Story primary_specs projected without changing Story or Epic ownership
ST-09.08,48,EP-09,Measure Workflow Outcomes and Reject Monolithic Orchestration,TS-00;TS-07;TS-14,3,TS-14;evaluation_governance;product_constitution,WorkflowIR;WorkflowNodeContract;CheckpointReceipt;PromotionReceipt,,5,ST-09.08-acceptance;ST-09.08-failure;ST-09.08-authority;ST-09.08-receipt,CONDITIONAL_EXTERNAL_DEPENDENCY,,XDEP-001;XDEP-005,confirmed Story primary_specs projected without changing Story or Epic ownership
ST-10.01,49,EP-10,Open a Trustworthy Run Index and Overview,TS-12,1,TS-12;ux_architecture,ControlTowerConstitutionalProjection;GovernedCommand;ProjectionReceipt,docs/contracts/schemas/constitutional-evaluation.schema.json#/$defs/ControlTowerConstitutionalProjection,6,ST-10.01-acceptance;ST-10.01-failure;ST-10.01-authority;ST-10.01-receipt,CONDITIONAL_EXTERNAL_DEPENDENCY,,XDEP-001;XDEP-002;XDEP-003;XDEP-004;XDEP-005,confirmed Story primary_specs projected without changing Story or Epic ownership
ST-10.02,50,EP-10,"Explore Phase, Context, and Dependency Graphs",TS-12,1,TS-12;ux_architecture,ControlTowerConstitutionalProjection;GovernedCommand;ProjectionReceipt,docs/contracts/schemas/constitutional-evaluation.schema.json#/$defs/ControlTowerConstitutionalProjection,3,ST-10.02-acceptance;ST-10.02-failure;ST-10.02-authority;ST-10.02-receipt,CONDITIONAL_EXTERNAL_DEPENDENCY,,XDEP-001;XDEP-002;XDEP-003;XDEP-004;XDEP-005,confirmed Story primary_specs projected without changing Story or Epic ownership
ST-10.03,51,EP-10,Inspect Evidence and Syntax Behind Decisions,TS-02;TS-12,2,TS-12;ux_architecture,ControlTowerConstitutionalProjection;GovernedCommand;ProjectionReceipt,docs/contracts/schemas/constitutional-evaluation.schema.json#/$defs/ControlTowerConstitutionalProjection,3,ST-10.03-acceptance;ST-10.03-failure;ST-10.03-authority;ST-10.03-receipt,CONDITIONAL_EXTERNAL_DEPENDENCY,,XDEP-001;XDEP-002;XDEP-003;XDEP-004;XDEP-005,confirmed Story primary_specs projected without changing Story or Epic ownership
ST-10.04,52,EP-10,Review Genesis Decisions and Human Authority,TS-12,1,TS-12;ux_architecture,ControlTowerConstitutionalProjection;GovernedCommand;ProjectionReceipt,docs/contracts/schemas/constitutional-evaluation.schema.json#/$defs/ControlTowerConstitutionalProjection,2,ST-10.04-acceptance;ST-10.04-failure;ST-10.04-authority;ST-10.04-receipt,CONDITIONAL_EXTERNAL_DEPENDENCY,,XDEP-001;XDEP-002;XDEP-003;XDEP-004;XDEP-005,confirmed Story primary_specs projected without changing Story or Epic ownership
ST-10.05,53,EP-10,"Trace Skills, Recipes, and Runtime Capsules",TS-10;TS-12,2,TS-12;ux_architecture,ControlTowerConstitutionalProjection;GovernedCommand;ProjectionReceipt,docs/contracts/schemas/constitutional-evaluation.schema.json#/$defs/ControlTowerConstitutionalProjection,2,ST-10.05-acceptance;ST-10.05-failure;ST-10.05-authority;ST-10.05-receipt,CONDITIONAL_EXTERNAL_DEPENDENCY,,XDEP-001;XDEP-002;XDEP-003;XDEP-004;XDEP-005,confirmed Story primary_specs projected without changing Story or Epic ownership
ST-10.06,54,EP-10,"Inspect Ownership, Modules, and Contracts",TS-06;TS-12,2,TS-12;ux_architecture,ControlTowerConstitutionalProjection;GovernedCommand;ProjectionReceipt,docs/contracts/schemas/constitutional-evaluation.schema.json#/$defs/ControlTowerConstitutionalProjection,2,ST-10.06-acceptance;ST-10.06-failure;ST-10.06-authority;ST-10.06-receipt,CONDITIONAL_EXTERNAL_DEPENDENCY,,XDEP-001;XDEP-002;XDEP-003;XDEP-004;XDEP-005,confirmed Story primary_specs projected without changing Story or Epic ownership
ST-10.07,55,EP-10,"Judge Evaluations, Repairs, and Authorization Trajectory",TS-10;TS-12,2,TS-12;ux_architecture,ControlTowerConstitutionalProjection;GovernedCommand;ProjectionReceipt,docs/contracts/schemas/constitutional-evaluation.schema.json#/$defs/ControlTowerConstitutionalProjection,4,ST-10.07-acceptance;ST-10.07-failure;ST-10.07-authority;ST-10.07-receipt,CONDITIONAL_EXTERNAL_DEPENDENCY,,XDEP-001;XDEP-002;XDEP-003;XDEP-004;XDEP-005,confirmed Story primary_specs projected without changing Story or Epic ownership
ST-10.08,56,EP-10,"Monitor Workflow, Incidents, Cost, and Context",TS-12;TS-14,2,TS-12;ux_architecture,ControlTowerConstitutionalProjection;GovernedCommand;ProjectionReceipt,docs/contracts/schemas/constitutional-evaluation.schema.json#/$defs/ControlTowerConstitutionalProjection,3,ST-10.08-acceptance;ST-10.08-failure;ST-10.08-authority;ST-10.08-receipt,CONDITIONAL_EXTERNAL_DEPENDENCY,,XDEP-001;XDEP-002;XDEP-003;XDEP-004;XDEP-005,confirmed Story primary_specs projected without changing Story or Epic ownership
ST-10.09,57,EP-10,Execute Governed Commands and Export Receipts,TS-01;TS-06;TS-12;TS-14,4,TS-12;ux_architecture,ControlTowerConstitutionalProjection;GovernedCommand;ProjectionReceipt,docs/contracts/schemas/constitutional-evaluation.schema.json#/$defs/ControlTowerConstitutionalProjection,10,ST-10.09-acceptance;ST-10.09-failure;ST-10.09-authority;ST-10.09-receipt,CONDITIONAL_EXTERNAL_DEPENDENCY,,XDEP-001;XDEP-002;XDEP-003;XDEP-004;XDEP-005,confirmed Story primary_specs projected without changing Story or Epic ownership
ST-10.10,58,EP-10,"Use a Stable, Accessible, Evidence-Backed Shell",TS-01;TS-02;TS-06;TS-12;TS-14,5,TS-12;ux_architecture,ControlTowerConstitutionalProjection;GovernedCommand;ProjectionReceipt,docs/contracts/schemas/constitutional-evaluation.schema.json#/$defs/ControlTowerConstitutionalProjection,12,ST-10.10-acceptance;ST-10.10-failure;ST-10.10-authority;ST-10.10-receipt,CONDITIONAL_EXTERNAL_DEPENDENCY,,XDEP-001;XDEP-002;XDEP-003;XDEP-004;XDEP-005,confirmed Story primary_specs projected without changing Story or Epic ownership
ST-10.11,59,EP-10,Preserve Workspace Context Across Inspectors and Layouts,TS-12,1,ux_architecture,ControlTowerConstitutionalProjection;GovernedCommand;ProjectionReceipt,docs/contracts/schemas/constitutional-evaluation.schema.json#/$defs/ControlTowerConstitutionalProjection,5,ST-10.11-acceptance;ST-10.11-failure;ST-10.11-authority;ST-10.11-receipt,CONDITIONAL_EXTERNAL_DEPENDENCY,,XDEP-001;XDEP-002;XDEP-003;XDEP-004;XDEP-005,confirmed Story primary_specs projected without changing Story or Epic ownership
ST-10.12,60,EP-10,"Represent Loading, Empty, Stale, and Disconnected State Honestly",IMPLEMENTATION_BASELINE;TS-01;TS-02;TS-05;TS-06;TS-07;TS-10;TS-12;TS-13;TS-14,10,"Architecture and operations;TS-12;UX, architecture, and operations;product_constitution;ux_architecture",ControlTowerConstitutionalProjection;GovernedCommand;ProjectionReceipt,docs/contracts/schemas/constitutional-evaluation.schema.json#/$defs/ControlTowerConstitutionalProjection,11,ST-10.12-acceptance;ST-10.12-failure;ST-10.12-authority;ST-10.12-receipt,CONDITIONAL_EXTERNAL_DEPENDENCY,,XDEP-001;XDEP-002;XDEP-003;XDEP-004;XDEP-005,confirmed Story primary_specs projected without changing Story or Epic ownership
ST-10.13,61,EP-10,"Contain Partial, Redacted, Failed, and Invalidated Projections",TS-00;TS-12;TS-14,3,TS-12;product_constitution;ux_architecture,ControlTowerConstitutionalProjection;GovernedCommand;ProjectionReceipt,docs/contracts/schemas/constitutional-evaluation.schema.json#/$defs/ControlTowerConstitutionalProjection,6,ST-10.13-acceptance;ST-10.13-failure;ST-10.13-authority;ST-10.13-receipt,CONDITIONAL_EXTERNAL_DEPENDENCY,,XDEP-001;XDEP-002;XDEP-003;XDEP-004;XDEP-005,confirmed Story primary_specs projected without changing Story or Epic ownership
ST-10.14,62,EP-10,Operate Large Collections Within Interaction Budgets,TS-12;TS-14,2,ux_architecture,ControlTowerConstitutionalProjection;GovernedCommand;ProjectionReceipt,docs/contracts/schemas/constitutional-evaluation.schema.json#/$defs/ControlTowerConstitutionalProjection,4,ST-10.14-acceptance;ST-10.14-failure;ST-10.14-authority;ST-10.14-receipt,CONDITIONAL_EXTERNAL_DEPENDENCY,,XDEP-001;XDEP-002;XDEP-003;XDEP-004;XDEP-005,confirmed Story primary_specs projected without changing Story or Epic ownership
ST-11.01,63,EP-11,Generate a Versioned Traceable Development Capsule,TS-01;TS-06;TS-11;TS-13;TS-14,5,TS-13;product_constitution,DevelopmentCapsule;StoryCompletionReceipt;ImplementationDeltaProposal,docs/contracts/schemas/constitutional-evaluation.schema.json,6,ST-11.01-acceptance;ST-11.01-failure;ST-11.01-authority;ST-11.01-receipt,BLOCKED_PENDING_HUMAN_DECISION,BD-008;BD-014;HD-006;HD-007,XDEP-001;XDEP-002;XDEP-003;XDEP-004;XDEP-005,confirmed Story primary_specs projected without changing Story or Epic ownership
ST-11.02,64,EP-11,Plan Dependency-Ordered Vertical Implementation Increments,TS-13,1,TS-13,DevelopmentCapsule;StoryCompletionReceipt;ImplementationDeltaProposal,docs/contracts/schemas/constitutional-evaluation.schema.json,2,ST-11.02-acceptance;ST-11.02-failure;ST-11.02-authority;ST-11.02-receipt,BLOCKED_PENDING_HUMAN_DECISION,BD-008;HD-006;HD-007,XDEP-001;XDEP-002;XDEP-003;XDEP-004;XDEP-005,confirmed Story primary_specs projected without changing Story or Epic ownership
ST-11.03,65,EP-11,Govern Implementation Deltas and Certification Feedback,TS-13,1,TS-13,DevelopmentCapsule;StoryCompletionReceipt;ImplementationDeltaProposal,docs/contracts/schemas/constitutional-evaluation.schema.json,2,ST-11.03-acceptance;ST-11.03-failure;ST-11.03-authority;ST-11.03-receipt,BLOCKED_PENDING_HUMAN_DECISION,BD-008;HD-006;HD-007,XDEP-001;XDEP-002;XDEP-003;XDEP-004;XDEP-005,confirmed Story primary_specs projected without changing Story or Epic ownership
ST-12.01,66,EP-12,Inventory and Map Proven V2.1 Behavior,IMPLEMENTATION_BASELINE,1,Architecture and repository authority;IMPLEMENTATION_BASELINE,MigrationReceipt;CertificationMatrix;ConstitutionalReadinessReceipt;DelegationHandoff,docs/contracts/schemas/constitutional-evaluation.schema.json;docs/contracts/schemas/visual-semantic-handoff.schema.json,4,ST-12.01-acceptance;ST-12.01-failure;ST-12.01-authority;ST-12.01-receipt,BLOCKED_PENDING_HUMAN_DECISION,HD-006;HD-007,XDEP-001;XDEP-002;XDEP-003;XDEP-004;XDEP-005;XDEP-006,confirmed Story primary_specs projected without changing Story or Epic ownership
ST-12.02,67,EP-12,Dual-Compile and Migrate Through Regression Receipts,IMPLEMENTATION_BASELINE;TS-02;TS-06;TS-10;TS-13;TS-14,6,IMPLEMENTATION_BASELINE;product_constitution,MigrationReceipt;CertificationMatrix;ConstitutionalReadinessReceipt;DelegationHandoff,docs/contracts/schemas/constitutional-evaluation.schema.json;docs/contracts/schemas/visual-semantic-handoff.schema.json,6,ST-12.02-acceptance;ST-12.02-failure;ST-12.02-authority;ST-12.02-receipt,BLOCKED_PENDING_HUMAN_DECISION,HD-006;HD-007,XDEP-001;XDEP-002;XDEP-003;XDEP-004;XDEP-005;XDEP-006,confirmed Story primary_specs projected without changing Story or Epic ownership
ST-12.03,68,EP-12,Prove the Complete Builder Spine Through Format 02,TS-02;TS-04;TS-06;TS-07;TS-10;TS-11;TS-13;TS-14;TS-15,9,Product lead and category steward;TS-15;product_constitution,MigrationReceipt;CertificationMatrix;ConstitutionalReadinessReceipt;DelegationHandoff,docs/contracts/schemas/constitutional-evaluation.schema.json;docs/contracts/schemas/visual-semantic-handoff.schema.json,3,ST-12.03-acceptance;ST-12.03-failure;ST-12.03-authority;ST-12.03-receipt,BLOCKED_PENDING_HUMAN_DECISION,BD-004;BD-008;HD-006;HD-007,XDEP-001;XDEP-002;XDEP-003;XDEP-004;XDEP-005;XDEP-006,confirmed Story primary_specs projected without changing Story or Epic ownership
ST-12.04,69,EP-12,Publish Bounded Certification Claims Across Categories and Targets,TS-00;TS-10;TS-13;TS-14;TS-15,5,TS-15;product_constitution,MigrationReceipt;CertificationMatrix;ConstitutionalReadinessReceipt;DelegationHandoff,docs/contracts/schemas/constitutional-evaluation.schema.json;docs/contracts/schemas/visual-semantic-handoff.schema.json,4,ST-12.04-acceptance;ST-12.04-failure;ST-12.04-authority;ST-12.04-receipt,BLOCKED_PENDING_HUMAN_DECISION,BD-004;BD-007;BD-008;BD-010;BD-014;HD-006;HD-007,XDEP-001;XDEP-002;XDEP-003;XDEP-004;XDEP-005;XDEP-006,confirmed Story primary_specs projected without changing Story or Epic ownership
